path	internal_blob_at_9c14bae	sha256	status
adapters/mental_coach_gemma/adapter_config.json	020cde6bfadfaefb32ff3ab5631d0b5accd3e068	f1036b1ea8948e8f2673f91b21201ec1aed80c0588aa0be313cf4f32410c5222	home-directory prefix replaced by /Users/user/ in 2 places; nothing else changed
adapters/mental_coach_gemma/adapters.safetensors	untracked	379ab890934c506662fa3d8dbd99fb1019ea38f33afa1099ebac12fe34a01dbc	identical to the authors' working copy
adapters/mental_coach_llama/adapter_config.json	e08f2eef53757f43c8dc93f48efc082770375efa	58b3e4427e0fb67ea46c1caf736b1f876990544b47ec636d9d7b3ae9a8bba275	home-directory prefix replaced by /Users/user/ in 2 places; nothing else changed
adapters/mental_coach_llama/adapters.safetensors	untracked	ac652398a5016455d9d76545459cbf89a89dcbebc6fef167d1eb5936890842f5	identical to the authors' working copy
config/alignment_tax_battery.yaml	bf0fc67034bddfca460c4f54aab0003fe1259066	d4c8af1a716421205382af59e335414a6a2f9b7cc0110b53a3410bc371d52aa8	identical to commit 9c14bae
config/alignment_tax_pollution.yaml	a226d2d5d1a8c81972192b1d55680458b2873e84	386a9d59639c972f39a20a6f2dc4152edeedb32e15565bf4723f263e350cceb3	identical to commit 9c14bae
config/alignment_tax_tasks.yaml	9dca16f1d536110baa0041f5d372cfe253e0a87a	9d23f50b2b041f091808cc51a422421006b41f16062d60d91233e4cd375cc953	identical to commit 9c14bae
config/experiment_groups.yaml	0a05555305b5bcf22f0c6bb7f01368c6a26e3da3	949cf59360df487973c27a6015b449a9a4adaf7cc53ebf04df8e5c809c6c0332	identical to commit 9c14bae
config/fixtures/chat_history/legal_compliance.yaml	76423fac225dcdde53c931fe08bb8901eab1d463	fbb3a5de213ad29d26db8138df4667d7c2d442b875bb940bef86b78fe76082cf	identical to commit 9c14bae
config/fixtures/chat_history/sleep_performance.yaml	d4e1c231a60a56b66536ad1b1ea9836e51200d8e	1a627757b0c3a2451cb9b9f08de082792ebd1d66ae3183010c74728161fbde45	identical to commit 9c14bae
config/fixtures/system_bloat/goku.txt	b583e6ed744e308e777caff03d92cd0ed6fd7207	3f4519752d9ec88d3b667a427ae398afd4818cc6adf2257b5319e36f08b93886	identical to commit 9c14bae
config/fixtures/system_bloat/makima.txt	bd5a1ba335b37bfc1d80563e0ce3b30b7542ca8d	edc012bb6cf0d2c3ad60c9647e82abd4fc118cc76713225466198685635d6798	identical to commit 9c14bae
config/paths.local.yaml.example	e11e33c30c10aed8ef137dd33d269091a53f4372	e52481c4d06bfd9b41eaaa5a9c87d538fa233d29091928ac03ca6b8a30c8afbd	identical to commit 9c14bae
logs/alignment_tax_1b_gemma/meta.json	c4a07192167a25a0b95013d2d46cb3a5b2eb3149	40e56f4f720c76308d4c9ea866d06f357ee585186f3d83444625a1183686dfd8	identical to commit 9c14bae
logs/alignment_tax_1b_gemma/nohup.out	84f97ecf0e6652e6508590d4bd8a1b873d4176de	27473bbd166d4b846733e94da4965f714e2f060c5cca027c6bd39fc06dfba899	identical to commit 9c14bae
logs/alignment_tax_1b_gemma/runs.json	2d1a11bd9121c70459ef93b9fb8980f78bf70bfd	80c2ae931bd2dc79457b82272f9a0653ee3f2e549d725851de3c8cac261941b8	identical to commit 9c14bae
logs/alignment_tax_1b_gemma/runs.jsonl	untracked	3295736aab9032de94e309bfd80fe05d57d99a8bcd3023c9482bd3e7f8051d06	identical to the authors' working copy
logs/alignment_tax_1b_gemma/summary.json	800c5c0be314056a1c402f66de7c33f3170d757d	25b233cfe17c1993d77a6f5fb33a6faf96fa5f8cce3b5b9276c0fcc12d93aa39	identical to commit 9c14bae
logs/alignment_tax_1b_llama/meta.json	2eb04cdb743935f0d8bf67f600142a4bcef1854c	a27853e0be78a92063a54dc5b622aa4d1ce8db1460201badb72744886e47b172	identical to commit 9c14bae
logs/alignment_tax_1b_llama/nohup.out	407635324dc2af7449828fefd1bd60c113f708bd	08dcbd02bad2840ff598136624bdfbbb423df1824f35ad04afc7f2a89eff0369	identical to commit 9c14bae
logs/alignment_tax_1b_llama/runs.json	2f4d6fd1352a897a97d491add5ca973a935e3f4d	fc3057b5b000d9ff19b3f6ab85ef30a1b1c6202cbcdca08fc3cff605fe5def45	identical to commit 9c14bae
logs/alignment_tax_1b_llama/runs.jsonl	untracked	e456e0df5eaca0cf589268ab60bae02b2165bcf4387eff9aaba8d7de3622799b	identical to the authors' working copy
logs/alignment_tax_1b_llama/summary.json	56de8f40f4e1bffc64e6be60020eca4d556d107c	a8080378c47b9d848d952f11452112126b14c890423f99e2c92bd28b6df721bb	identical to commit 9c14bae
logs/alignment_tax_1b_llama_l4/meta.json	09461551173f374dbb8a82a938b41f0a3357737e	6fb09b18e62c5a67a76891e34a75d871ad48a63904014c03c0103eeddc53d157	identical to commit 9c14bae
logs/alignment_tax_1b_llama_l4/nohup.out	0f57caaf2413650f46bc87b12d3a993e7a97a489	f6780be4566a8580da6188cac0ea344eb42f17d837ffb1036956dbb5779528a3	identical to commit 9c14bae
logs/alignment_tax_1b_llama_l4/runs.json	3a4fdf957b5e9bf4104626edb0db1670c702304d	e18562d1400fb9663df8a836bc0c109efabeeede2abf97f57b5b30c4ce3571cd	identical to commit 9c14bae
logs/alignment_tax_1b_llama_l4/runs.jsonl	untracked	7cdd3ef5e5347be7b75ddaa121b57b565be4deef4b3c5ff17bc964a116a844f7	identical to the authors' working copy
logs/alignment_tax_1b_llama_l4/summary.json	b3647396c5f0195940c4b9769e875ebdb5590cf5	20a70dbbef484f2a8f7b2e34613c8fd514bd6f291160f2771de94fe3886dfd1b	identical to commit 9c14bae
logs/alignment_tax_20260603T104621Z/runs.json	f608fb75c2a3070522844c141713db5dfea29681	34393723cb349df29f732f57c1dcd7e2ed0d7136c16906977540bb2294e2cf8e	identical to commit 9c14bae
logs/alignment_tax_20260603T104621Z/summary.json	8885f2c0a965ca6f83330bac550bf77bd1913d3e	c70ccc9d033505beb6968118be8f7f989a08d0ffe5c656a0970b691051766880	identical to commit 9c14bae
logs/alignment_tax_20260603T105221Z/runs.json	9a758162c532a3b5cc33d62c32bb573e64348260	af48b74ee230daf11d991d8d84121cea0eb2219bfe967c63d8f35a1be6911bf5	identical to commit 9c14bae
logs/alignment_tax_20260603T105221Z/summary.json	680900eb73e267503d4a3dd584139bc4e0848dd1	2cf1ba7cb096a6edcce9436f69675a5aa915e444106aa1e4ac16ab9f8a7acaaa	identical to commit 9c14bae
logs/alignment_tax_full_20260603/nohup.out	08f97a477a9c8376c6bac1d822c52181bc42a989	6d93d62199f7c8047ba5fd9c69cd20018d00eca9230b444f081da3434d645364	home-directory prefix replaced by /Users/user/ in 5 places; nothing else changed
logs/alignment_tax_full_20260603/runs.jsonl	untracked	d14e6c87eca6894fb484b958c4e9b220ab52505878cf2de90887f64049415848	identical to the authors' working copy
logs/turn_1a_20260603T092658Z.json	2d73b94aaf1296034de01a868b97d8b5d4fd1c09	9ad367523f290e44a66855b123dc433e5d74884d6270e639cc0f672cd733d1fa	identical to commit 9c14bae
logs/turn_1b_20260603T093454Z.json	03c67ff539fe970bf43d8c7a284d1c1214eece5d	4de22d2e844fdf03e9db3a1e6db49f40c0744dd52d2b582044e38ef32a4ad70b	identical to commit 9c14bae
logs/turn_1b_20260603T093608Z.json	8f00935827b49ae6403fe20428c71d0fc2145c61	a3cf96c2a9345bc01268210df66863b910aa914678b6556b513e0408e4352c5b	identical to commit 9c14bae
logs/turn_2a_20260603T094234Z.json	d911d840acbfcc3f10f073330df11e21ca29bb6e	bd758a85a5767326f32d53b8a713333c68518dfdcf2a0c2eaa15ae93a469ca16	identical to commit 9c14bae
logs/turn_2a_20260603T094323Z.json	53d0bcb214dfaa3476789b43ff9b73242352bcf8	0bf17f231f69db60fc3fb70931223381ad7627a83ef3dcc3304b2e7a5c39c98f	identical to commit 9c14bae
logs/turn_2a_20260603T094425Z.json	22a145b0da1e30fe96336d5a301b74775b7e01d2	d7aaa72982f6d1d6f6ce40a5fde1b170da8a8042f2cd89a01f270216a8c42d6d	identical to commit 9c14bae
logs/turn_2a_20260603T095332Z.json	53f7a9db3737acadb68cadb56e1cef5057db68a1	864b961776fd65b3dec5951afbe416b832737518771b58730f7777c66330e1f9	identical to commit 9c14bae
logs/turn_2a_20260603T095418Z.json	85187a8939da04edcac0750b71319a5530d2bdfe	5cd0fed7fbe0ecb53d1b604be88d6f5012efb995500f9df2f701d91a7b14aa04	identical to commit 9c14bae
logs/turn_2a_20260603T095642Z.json	81b47c22bfc7e3a10f56afecac18dd72ee6f9869	75cb819ebb39927d8bb9e49ceb009a8f9ac05adba3efaa981a4abc1033ae8e80	identical to commit 9c14bae
logs/turn_2a_20260603T100118Z.json	7c4aee41a804fdc88e6ecc853158bd83dfa38327	407fe5359d3c39f4d37d93b7bb0d6075a7ba859cb8104c1328d78ae3cf699174	identical to commit 9c14bae
logs/turn_2a_20260603T100553Z.json	fc1158803ecdb983ed415300f7c74260346c9dab	b9a2a47b5cf04da1981399047802023cd2cb1af4fd61a53b332a21e3171b765c	identical to commit 9c14bae
logs/turn_2a_20260603T101242Z.json	fc7f325b287880a2a6380bb77a274e0e2d8ade69	a04c1d40a6430fe4cdeb217bc5d0815b976e4d62ae9b7d2e94831df87a06f6d9	identical to commit 9c14bae
logs/turn_2b_20260603T095058Z.json	51520a057016dc33251b4e45acb0132b69dd8926	7f93003d633cfc2028bb2448ba4ce3680d846f8f3a58f957c3b9b997c8d539dd	identical to commit 9c14bae
logs/turn_2b_20260603T095216Z.json	0c120ae0ca1ac17ad3b505b800328d879469c2dd	5d64f2da3d3d891f793464a884891b6f5c02e2263f67f609973066ffd709fea6	identical to commit 9c14bae
logs/turn_2b_20260603T100642Z.json	c65b1adb08dcea34d3856a7b4f59c4cc62501d14	c17c1952c7dc99d429f5be3f8bfa1b499c79ac6f927465dfb1fe5eb43ffcfcbb	identical to commit 9c14bae
logs/turn_2b_20260603T100801Z.json	cbba1dfaa0884d141f84b749ad00094ee0737fda	3f33078b24e05ce9c769743563b014db5ebf200f205e1e34377d7efd58b12252	identical to commit 9c14bae
logs/turn_2b_20260603T100851Z.json	2b110f7f4f8afaf17f108aab95e9446e8486c1df	6e39a42465981887a77d14e72f293bb8526ba9515b2e6c0a94645ad4bd91da4d	identical to commit 9c14bae
logs/turn_2b_20260603T100952Z.json	852e050397cfbd461b237ad4a36f1c4660513372	09c46b6d0423e27c31eb8735f8c3ce52c1ee3d26f958754520697579db9c0022	identical to commit 9c14bae
logs/turn_2b_20260603T101113Z.json	7ee03d3eab52d2d3f4aa0c6ab19d45a26a9f473c	7ee7a6324d33501245c9f9f78a35a62b6f80748dd5add93e8c6d09cc6d49272a	identical to commit 9c14bae
logs/turn_2b_20260603T101203Z.json	6c73bd7c5aee00e154136faa840a347dfc26e7e9	cec428f6d61b8a145fa85989225b8ae2c7a7932ef6e8b3b1998db752eb891f22	identical to commit 9c14bae
logs/turn_2c_20260603T101749Z.json	a11311b107688d6394ff8a5361846535c3cbfcb2	8c7c40b00f537d41cee04a11b9c2eee46a23218eecab75059ec6f261842ed02f	identical to commit 9c14bae
logs/turn_2c_20260603T101853Z.json	edbc039550d403977944b59db9fc2e799d5e551e	694324301602ba2d9ddc3dd513448a081df9a436d3eacc35157eec9673ec09c2	identical to commit 9c14bae
logs/turn_3a_20260603T102521Z.json	3088a8bf30cc8385fac25ad5f14fcacd5cb15b73	ffc97322f0e30449fa92014225e14daca8f84e3352b60b0843ed61e03f25e648	identical to commit 9c14bae
logs/turn_3a_20260603T103016Z.json	745c237d22bb0824e5c3474a441763648b4c4809	9555e39dcb845d0a4879b18c0977a7f87d3fc835a1455fe5f56ba15d27125398	identical to commit 9c14bae
logs/turn_3a_20260603T103441Z.json	be2f81f3bcc4462a6bfc512bcbf41f2f512c68c7	9d321ce84d8ef48ef9476a6e3de00e5914b02cca5a02d3736d0196e19d5414aa	identical to commit 9c14bae
logs/turn_3b_20260603T103410Z.json	c3661a0447617ca7bc2ca087ec2b4c7dd251ffdf	ffb2170bb29b3258ad7c59eb1428e69b91c03c4963f6fe40c16bdfe8ba62e199	identical to commit 9c14bae
requirements.txt	3c88fa6640a0281ae2fa1f649a02144cdf55b9ff	e317a26a344b6422f054d947bf78a9dd42755fa7a179909718edd3964f026b36	identical to commit 9c14bae
schemas/micro_state_v1_1.schema.json	fbf2157535ec2ba8b2c719e1c4ace67ea1bff5f8	9b6129a07035b87caf6b8e8e0286540382a8be7ca1e8dbaf5657408bff84c650	identical to commit 9c14bae
scripts/run_alignment_tax.py	47a939e159978895a02bb6237dc9c338c534ab8e	f1be9408df851f7d58d881682c1ffeb7195e7d7b9dd8defcce7b5fcea2be2dae	identical to commit 9c14bae
scripts/run_alignment_tax_1b.py	777f191e5acba671e3519a617650205515173963	45e13726b3e4d65324267f93c202088229aac2e8f1b61f3a42f791ef589ec84e	identical to commit 9c14bae
src/ao_da/__init__.py	a261b4e383e0c37b56752c3164c90a1497746357	68a4f26644f19a292d8a9590780b6e0a3118ed0814b56e4ca586d85dbd2d6336	identical to commit 9c14bae
src/ao_da/config.py	608d3fd23cbfdb9a5d31567385bc137717272e43	112d929e93b4dc8cc0aafb6091c297343a248a61d3863d623884dc8e8061f0c0	identical to commit 9c14bae
src/ao_da/experiment/__init__.py	ead76d54f8b9756b07b263e47e6ed5710be8aa02	7daf4842c7473b70497399d067bf1295050caec2816861c20844aa01dc5e6372	identical to commit 9c14bae
src/ao_da/experiment/architecture.py	266f0967d8a755ff505bbca39bb38303a1206654	ff86fdbfd9596e7de21a5d90fddbd5aba52326cf4e750f75c4c405c4f96a84f2	identical to commit 9c14bae
src/ao_da/experiment/g0_mixed.py	46660359ba0df57173b86037c78acb5ff21d4fa3	f0687ed3037d5d1595042e33d251d836204d489fe68dc40be47da40deea7d80a	identical to commit 9c14bae
src/ao_da/experiment/messages.py	9c930480b38f365ff01fa1aa9ac7ab76c761b6b9	c5a7e030f3e4af549b7a071e464d5d2e0544d43fec28326623215cfc1c2a50be	identical to commit 9c14bae
src/ao_da/experiment/objective_scorer.py	60b03c2744163bbd6c1062afcf6df4ce3775d5be	fe6374b5eba074b2dd856a6b617bba7ea341dd015287f87a1ce49f7135c65e8a	identical to commit 9c14bae
src/ao_da/experiment/pollution.py	3f7026750a0c6328e4686f0aa4b27b258161f849	5951d47b2fdd4dd1dff16c83875ad9431a797fd22db3710eea574f2429594afb	identical to commit 9c14bae
src/ao_da/experiment/runner.py	55986fcdb1040d7f627ee8d6f024d0809c9fe380	d218e14e00919baaccf3877890774a3a634212e9a8e7bfc5733b5000702a50fb	identical to commit 9c14bae
src/ao_da/experiment/stats.py	6f100605c596c299942466d5ed032dcd108ad11b	02d68e4ab7f25bc4f4a20565c591b1258adfb91505df92b4acf0e62af79d05a0	identical to commit 9c14bae
src/ao_da/experiment/tasks.py	769d5c6d8f75429ccbe8d3fed97408edc673e673	9ea515f94c78de4ff6db87e2d4f45852913d46b72357a8421220db674482869a	identical to commit 9c14bae
src/ao_da/mlx_runtime/__init__.py	b8d2ae2fb8c6060c89130e44740cce570c1e1538	17b3b51b461c6e483fac5281e7e45d2eee53225e221a9f7df690e4600acf1b7b	identical to commit 9c14bae
src/ao_da/mlx_runtime/lora.py	4fb08197dfe1938912aae802a465428d6e906947	3f24f23d53646d0346f1253a567c3d7657144d5beef44c19b5df822c63af7c66	identical to commit 9c14bae
src/ao_da/mlx_runtime/memory.py	4359a0de68c192d61ce841caee16725f9c95a556	4764868470ee221a8a226ecb134a0bf8556c2b724828daafbd0fd192b31228c9	identical to commit 9c14bae
src/ao_da/mlx_runtime/model_pool.py	e5c989b00739255cf0052978d53cd796133c8465	cdff93a644b29f47dd133c95a78808f9cdcb4d2d831d6c2fb4dabeadb94d7389	identical to commit 9c14bae
