base,arm,level,strict,strict_raw,speech_strict,comp,raw
gemma,G0,L0,0.375,0.61625,0.48624999999999996,0.4875,0.73125
gemma,G0,L2,0.18875,0.6125,0.5037499999999999,0.20875,0.69125
gemma,G0,L3,0.15,0.425,0.425,0.15,0.5075000000000001
gemma,G0,L4,0.15,0.41875,0.41875,0.15,0.46875
gemma,G3,L0,0.55,0.655,0.38125,0.6950000000000001,0.8
gemma,G3,L2,0.55,0.655,0.52,0.6950000000000001,0.8
gemma,G3,L3,0.55,0.655,0.38375000000000004,0.6950000000000001,0.8
gemma,G3,L4,0.55,0.655,0.49375,0.6950000000000001,0.8
gemma,G3_what_polluted,L0,0.55,0.655,0.38125,0.6950000000000001,0.8
gemma,G3_what_polluted,L2,0.1625,0.3975,0.52,0.1825,0.5625
gemma,G3_what_polluted,L3,0.15,0.49750000000000005,0.38375000000000004,0.15,0.5875
gemma,G3_what_polluted,L4,0.15,0.41875,0.49375,0.15,0.55125
llama,G0,L0,0.57375,0.6975,0.5700000000000001,0.66875,0.7787499999999999
llama,G0,L2,0.40125,0.61375,0.48375,0.45,0.7125
llama,G0,L3,0.20875,0.32125,0.25875,0.21875,0.3275
llama,G0,L4,0.15,0.3075,0.2975,0.15,0.38
llama,G3,L0,0.5225,0.5225,0.59875,0.655,0.655
llama,G3,L2,0.5225,0.5225,0.71,0.655,0.655
llama,G3,L3,0.5225,0.5225,0.39249999999999996,0.655,0.655
llama,G3,L4,0.5225,0.5225,0.48250000000000004,0.655,0.655
llama,G3_what_polluted,L0,0.5225,0.5225,0.59875,0.655,0.655
llama,G3_what_polluted,L2,0.7375,0.7575000000000001,0.71,0.7975000000000001,0.8175000000000001
llama,G3_what_polluted,L3,0.43,0.5475,0.39249999999999996,0.515,0.6775
llama,G3_what_polluted,L4,0.5875,0.60375,0.48250000000000004,0.65,0.6625
