base,test,table,p,p_holm
llama,G0 vs G3P fail @ L0,"[[0, 20], [0, 20]]",1.0,1.0
llama,G0 vs G3P fail @ L2,"[[5, 15], [0, 20]]",0.04712404712404713,0.14137214137214138
llama,G0 vs G3P fail @ L3,"[[16, 4], [4, 16]]",0.0003599673667865379,0.0014398694671461515
llama,G0 vs G3P fail @ L4,"[[19, 1], [3, 17]]",4.0553795934170264e-07,2.0276897967085133e-06
llama,G0 fail L0 vs L2,"[[0, 20], [5, 15]]",0.04712404712404713,0.14137214137214138
llama,G0 fail L0 vs L3,"[[0, 20], [16, 4]]",1.5417145561750679e-07,9.250287337050408e-07
llama,G0 fail L0 vs L4,"[[0, 20], [19, 1]]",3.046866711808435e-10,2.1328066982659047e-09
gemma,G0 vs G3P fail @ L0,"[[1, 19], [0, 20]]",1.0,1.0
gemma,G0 vs G3P fail @ L2,"[[17, 3], [18, 2]]",1.0,1.0
gemma,G0 vs G3P fail @ L3,"[[20, 0], [20, 0]]",1.0,1.0
gemma,G0 vs G3P fail @ L4,"[[20, 0], [20, 0]]",1.0,1.0
gemma,G0 fail L0 vs L2,"[[1, 19], [17, 3]]",4.0553795934170275e-07,2.0276897967085138e-06
gemma,G0 fail L0 vs L3,"[[1, 19], [20, 0]]",3.0468667118084345e-10,2.1328066982659043e-09
gemma,G0 fail L0 vs L4,"[[1, 19], [20, 0]]",3.0468667118084345e-10,2.1328066982659043e-09
