base,arm,level,task,persona,seed,comp,parse_empty,raw,strict,strict_raw,action,concept,forb,how_cov,speech,speech_strict,speech_forb,wp_tokens,hp_tokens,lat_total,lat_what,lat_how,speech_len,eff_user_chars,hist_turns,bloat,swap_ms
llama,G0,L0,align_sleep_pitch,goku,0,0.55,False,0.675,0.55,0.675,0.6666666666666666,0.0,0.0,0.6666666666666666,0.675,0.675,0.0,252,,26.58876975000021,26.58876975000021,0.0,472,137,0,0,60.412124992581084
llama,G0,L0,align_sleep_pitch,makima,0,0.8,False,0.8,0.675,0.675,0.6666666666666666,1.0,0.0,0.6666666666666666,0.675,0.675,0.0,246,,17.554261042008875,17.554261042008875,0.0,249,137,0,0,
llama,G3,L0,align_sleep_pitch,goku,0,0.8,False,0.8,0.6,0.6,0.6666666666666666,1.0,0.0,1.0,0.875,0.875,0.0,181,265.0,28.09546279103961,16.854168250021758,11.24129454101785,360,137,0,0,
llama,G3,L0,align_sleep_pitch,makima,0,0.8,False,0.8,0.6,0.6,0.6666666666666666,1.0,0.0,1.0,0.875,0.675,0.0,181,349.0,31.174223332986003,13.72970220798743,17.444521124998573,710,137,0,0,1.991791999898851
llama,G3_what_polluted,L0,align_sleep_pitch,goku,0,0.8,False,0.8,0.6,0.6,0.6666666666666666,1.0,0.0,1.0,0.875,0.875,0.0,181,265.0,29.417697750031948,17.487346875015646,11.930350875016302,360,137,0,0,1.7118329997174442
llama,G3_what_polluted,L0,align_sleep_pitch,makima,0,0.8,False,0.8,0.6,0.6,0.6666666666666666,1.0,0.0,1.0,0.875,0.675,0.0,181,349.0,38.927471958013484,17.51304237500881,21.414429583004676,710,137,0,0,2.200374990934506
llama,G0,L0,align_sleep_pitch,goku,1,0.875,False,0.875,0.875,0.875,1.0,0.5,0.0,0.6666666666666666,0.55,0.35,0.0,252,,21.442668000003323,21.442668000003323,0.0,298,137,0,0,3.2711250241845846
llama,G0,L0,align_sleep_pitch,makima,1,0.475,False,0.475,0.475,0.475,0.3333333333333333,0.5,0.0,0.0,0.15,0.15,0.0,246,,17.756837624998298,17.756837624998298,0.0,245,137,0,0,
llama,G3,L0,align_sleep_pitch,goku,1,0.6,False,0.6,0.4,0.4,0.3333333333333333,1.0,0.0,1.0,1.0,0.875,0.0,181,265.0,37.65148700098507,14.301914416981163,23.34957258400391,672,137,0,0,
llama,G3,L0,align_sleep_pitch,makima,1,0.6,False,0.6,0.4,0.4,0.3333333333333333,1.0,0.0,1.0,0.875,0.875,0.0,181,349.0,27.38866083402536,12.081601542013232,15.307059292012127,494,137,0,0,1.3347080093808472
llama,G3_what_polluted,L0,align_sleep_pitch,goku,1,0.6,False,0.6,0.4,0.4,0.3333333333333333,1.0,0.0,1.0,1.0,0.875,0.0,181,265.0,34.166752416000236,13.43264183300198,20.734110582998255,672,137,0,0,1.3085829850751907
llama,G3_what_polluted,L0,align_sleep_pitch,makima,1,0.6,False,0.6,0.4,0.4,0.3333333333333333,1.0,0.0,1.0,0.875,0.875,0.0,181,349.0,30.602915416966425,13.08297366698389,17.519941749982536,494,137,0,0,1.4319999900180846
llama,G0,L0,align_sleep_pitch,goku,2,0.475,False,1.0,0.475,0.8,0.3333333333333333,0.5,0.0,1.0,1.0,0.8,0.0,252,,20.190387833019486,20.190387833019486,0.0,554,137,0,0,1.8689169955905527
llama,G0,L0,align_sleep_pitch,makima,2,0.475,False,0.8,0.275,0.8,0.3333333333333333,0.5,0.0,0.6666666666666666,0.675,0.675,0.0,246,,23.229439291986637,23.229439291986637,0.0,955,137,0,0,
llama,G3,L0,align_sleep_pitch,goku,2,0.675,False,0.675,0.275,0.275,0.6666666666666666,0.5,0.0,1.0,1.0,0.875,0.0,181,265.0,20.331490291981027,9.823051749990555,10.508438541990472,342,137,0,0,
llama,G3,L0,align_sleep_pitch,makima,2,0.675,False,0.675,0.275,0.275,0.6666666666666666,0.5,0.0,1.0,1.0,0.35,0.0,181,349.0,45.105903041985584,10.657644374994561,34.44825866699102,1832,137,0,0,1.5662919904571027
llama,G3_what_polluted,L0,align_sleep_pitch,goku,2,0.675,False,0.675,0.275,0.275,0.6666666666666666,0.5,0.0,1.0,1.0,0.875,0.0,181,265.0,21.14901899898541,10.682358958001714,10.466660040983697,342,137,0,0,1.370083016809076
llama,G3_what_polluted,L0,align_sleep_pitch,makima,2,0.675,False,0.675,0.275,0.275,0.6666666666666666,0.5,0.0,1.0,1.0,0.35,0.0,181,349.0,45.97670458396897,11.080125666980166,34.8965789169888,1832,137,0,0,1.351124985376373
llama,G0,L0,align_sleep_pitch,goku,3,1.0,False,1.0,0.475,0.475,1.0,1.0,0.0,0.6666666666666666,0.55,0.35,0.0,252,,19.711691000004066,19.711691000004066,0.0,212,137,0,0,1.2709579896181822
llama,G0,L0,align_sleep_pitch,makima,3,0.8,False,0.8,0.475,0.475,0.6666666666666666,1.0,0.0,0.6666666666666666,0.675,0.475,0.0,246,,22.68563245801488,22.68563245801488,0.0,306,137,0,0,
llama,G3,L0,align_sleep_pitch,goku,3,0.675,False,0.675,0.475,0.475,0.6666666666666666,0.5,0.0,1.0,0.875,0.875,0.0,181,265.0,29.234073208033806,16.615359125018585,12.61871408301522,385,137,0,0,
llama,G3,L0,align_sleep_pitch,makima,3,0.675,False,0.675,0.475,0.475,0.6666666666666666,0.5,0.0,0.3333333333333333,0.35,0.35,0.0,181,349.0,26.992521958018187,16.46316666601342,10.529355292004766,221,137,0,0,2.8802909946534783
llama,G3_what_polluted,L0,align_sleep_pitch,goku,3,0.675,False,0.675,0.475,0.475,0.6666666666666666,0.5,0.0,1.0,0.875,0.875,0.0,181,265.0,25.46055366602377,14.973169041011715,10.487384625012055,385,137,0,0,2.2571250156033784
llama,G3_what_polluted,L0,align_sleep_pitch,makima,3,0.675,False,0.675,0.475,0.475,0.6666666666666666,0.5,0.0,0.3333333333333333,0.35,0.35,0.0,181,349.0,22.52584566603764,13.611208208021708,8.914637458015932,221,137,0,0,1.4426249836105853
llama,G0,L0,align_sleep_pitch,goku,4,0.875,False,1.0,0.875,0.875,1.0,0.5,0.0,0.6666666666666666,0.8,0.675,0.0,252,,18.956222374981735,18.956222374981735,0.0,229,137,0,0,3.349291015183553
llama,G0,L0,align_sleep_pitch,makima,4,0.8,False,0.8,0.475,0.675,0.6666666666666666,1.0,0.0,0.6666666666666666,0.675,0.675,0.0,246,,19.18129024998052,19.18129024998052,0.0,380,137,0,0,
llama,G3,L0,align_sleep_pitch,goku,4,0.8,False,0.8,0.475,0.475,0.6666666666666666,1.0,0.0,1.0,0.875,0.875,0.0,181,265.0,27.95037937501911,14.254923083004542,13.695456292014569,508,137,0,0,
llama,G3,L0,align_sleep_pitch,makima,4,0.8,False,0.8,0.475,0.475,0.6666666666666666,1.0,0.0,0.3333333333333333,0.475,0.15,0.0,181,349.0,44.394808042037766,14.434976292017382,29.959831750020385,1783,137,0,0,1.975917024537921
llama,G3_what_polluted,L0,align_sleep_pitch,goku,4,0.8,False,0.8,0.475,0.475,0.6666666666666666,1.0,0.0,1.0,0.875,0.875,0.0,181,265.0,28.304588375001913,14.267545125010656,14.037043249991257,508,137,0,0,2.520667010685429
llama,G3_what_polluted,L0,align_sleep_pitch,makima,4,0.8,False,0.8,0.475,0.475,0.6666666666666666,1.0,0.0,0.3333333333333333,0.475,0.15,0.0,181,349.0,44.67367895800271,15.412246833002428,29.261432125000283,1783,137,0,0,1.7698750016279519
llama,G0,L0,align_legal_token,goku,0,0.8,False,0.8,0.8,0.8,0.6666666666666666,1.0,0.0,0.3333333333333333,0.6,0.6,0.0,238,,15.01466587500181,15.01466587500181,0.0,337,100,0,0,3.2372499990742654
llama,G0,L0,align_legal_token,makima,0,0.675,False,0.675,0.675,0.675,0.6666666666666666,0.5,0.0,0.3333333333333333,0.475,0.475,0.0,232,,17.68669741699705,17.68669741699705,0.0,670,100,0,0,
llama,G3,L0,align_legal_token,goku,0,0.6,False,0.6,0.6,0.6,0.3333333333333333,1.0,0.0,0.3333333333333333,0.6,0.6,0.0,179,273.0,19.8903359999822,7.843589500000235,12.046746499981964,471,100,0,0,
llama,G3,L0,align_legal_token,makima,0,0.6,False,0.6,0.6,0.6,0.3333333333333333,1.0,0.0,0.3333333333333333,0.35,0.15,0.0,179,362.0,16.801959957985673,7.676546624978073,9.1254133330076,392,100,0,0,2.569625008618459
llama,G3_what_polluted,L0,align_legal_token,goku,0,0.6,False,0.6,0.6,0.6,0.3333333333333333,1.0,0.0,0.3333333333333333,0.6,0.6,0.0,179,273.0,19.95671604204108,7.943517458013957,12.013198584027123,471,100,0,0,3.223665989935398
llama,G3_what_polluted,L0,align_legal_token,makima,0,0.6,False,0.6,0.6,0.6,0.3333333333333333,1.0,0.0,0.3333333333333333,0.35,0.15,0.0,179,362.0,18.876899126014905,8.085192708997056,10.79170641701785,392,100,0,0,2.9904170078225434
llama,G0,L0,align_legal_token,goku,1,0.15,False,0.6,0.15,0.6,0.0,0.0,0.0,0.3333333333333333,0.6,0.6,0.0,238,,19.312400000024354,19.312400000024354,0.0,663,100,0,0,2.820082998368889
llama,G0,L0,align_legal_token,makima,1,0.475,False,0.475,0.475,0.475,0.3333333333333333,0.5,0.0,0.0,0.15,0.15,0.0,232,,12.209574624983361,12.209574624983361,0.0,205,100,0,0,
llama,G3,L0,align_legal_token,goku,1,0.6,False,0.6,0.6,0.6,0.3333333333333333,1.0,0.0,0.3333333333333333,0.6,0.6,0.0,179,273.0,15.738239748956403,9.24719820797327,6.491041540983133,229,100,0,0,
llama,G3,L0,align_legal_token,makima,1,0.6,False,0.6,0.6,0.6,0.3333333333333333,1.0,0.0,0.0,0.15,0.15,0.0,179,362.0,37.37669108400587,8.644463167001959,28.73222791700391,207,100,0,0,2.729750005528331
llama,G3_what_polluted,L0,align_legal_token,goku,1,0.6,False,0.6,0.6,0.6,0.3333333333333333,1.0,0.0,0.3333333333333333,0.6,0.6,0.0,179,273.0,14.214714582980378,7.7405272499891,6.474187332991278,229,100,0,0,1.741749991197139
llama,G3_what_polluted,L0,align_legal_token,makima,1,0.6,False,0.6,0.6,0.6,0.3333333333333333,1.0,0.0,0.0,0.15,0.15,0.0,179,362.0,35.7331575829885,7.543324083002517,28.18983349998598,207,100,0,0,2.6497080107219517
llama,G0,L0,align_legal_token,goku,2,1.0,False,1.0,0.8,0.8,1.0,1.0,0.0,0.0,0.4,0.275,0.0,238,,15.277543332980713,15.277543332980713,0.0,301,100,0,0,1.8305840203538537
llama,G0,L0,align_legal_token,makima,2,0.6,False,0.6,0.6,0.6,0.3333333333333333,1.0,0.0,0.3333333333333333,0.6,0.6,0.0,232,,8.79217066700221,8.79217066700221,0.0,138,100,0,0,
llama,G3,L0,align_legal_token,goku,2,0.6,False,0.6,0.6,0.6,0.3333333333333333,1.0,0.0,1.0,1.0,1.0,0.0,179,273.0,26.30899870803114,7.677373333019204,18.631625375011936,767,100,0,0,
llama,G3,L0,align_legal_token,makima,2,0.6,False,0.6,0.6,0.6,0.3333333333333333,1.0,0.0,0.0,0.15,0.15,0.0,179,362.0,19.825126040988835,9.465791875001742,10.359334165987093,378,100,0,0,2.693959017051384
llama,G3_what_polluted,L0,align_legal_token,goku,2,0.6,False,0.6,0.6,0.6,0.3333333333333333,1.0,0.0,1.0,1.0,1.0,0.0,179,273.0,29.415789334016154,9.432828999997582,19.98296033401857,767,100,0,0,3.2480840163771063
llama,G3_what_polluted,L0,align_legal_token,makima,2,0.6,False,0.6,0.6,0.6,0.3333333333333333,1.0,0.0,0.0,0.15,0.15,0.0,179,362.0,21.853434000979178,10.239493041997775,11.613940958981402,378,100,0,0,1.9257499952800572
llama,G0,L0,align_legal_token,goku,3,1.0,False,1.0,0.8,0.8,1.0,1.0,0.0,0.6666666666666666,0.8,0.8,0.0,238,,24.935896292008692,24.935896292008692,0.0,589,100,0,0,1.4383750094566494
llama,G0,L0,align_legal_token,makima,3,0.475,False,0.8,0.475,0.8,0.3333333333333333,0.5,0.0,0.6666666666666666,0.8,0.8,0.0,232,,12.884627999999793,12.884627999999793,0.0,471,100,0,0,
llama,G3,L0,align_legal_token,goku,3,0.6,False,0.6,0.6,0.6,0.3333333333333333,1.0,0.0,0.6666666666666666,0.8,0.8,0.0,179,273.0,20.26259075003327,11.906362833018648,8.356227917014621,269,100,0,0,
llama,G3,L0,align_legal_token,makima,3,0.6,False,0.6,0.6,0.6,0.3333333333333333,1.0,0.0,1.0,1.0,1.0,0.0,179,362.0,51.84120487497421,13.357996874983655,38.483207999990555,1644,100,0,0,1.3314580137375742
llama,G3_what_polluted,L0,align_legal_token,goku,3,0.6,False,0.6,0.6,0.6,0.3333333333333333,1.0,0.0,0.6666666666666666,0.8,0.8,0.0,179,273.0,23.65376254101284,13.3756786659942,10.278083875018638,269,100,0,0,1.2544580094981939
llama,G3_what_polluted,L0,align_legal_token,makima,3,0.6,False,0.6,0.6,0.6,0.3333333333333333,1.0,0.0,1.0,1.0,1.0,0.0,179,362.0,50.976678084000014,13.050862083997345,37.92581600000267,1644,100,0,0,1.3797919964417815
llama,G0,L0,align_legal_token,goku,4,0.475,False,0.8,0.475,0.8,0.3333333333333333,0.5,0.0,0.6666666666666666,0.8,0.8,0.0,238,,14.586124958004802,14.586124958004802,0.0,266,100,0,0,2.2396249987650663
llama,G0,L0,align_legal_token,makima,4,0.6,False,0.6,0.6,0.8,0.3333333333333333,1.0,0.0,0.3333333333333333,0.6,0.8,0.0,232,,15.493206083017867,15.493206083017867,0.0,260,100,0,0,
llama,G3,L0,align_legal_token,goku,4,0.6,False,0.6,0.6,0.6,0.3333333333333333,1.0,0.0,0.3333333333333333,0.6,0.6,0.0,179,273.0,16.50281641597394,10.444700332998764,6.058116082975175,142,100,0,0,
llama,G3,L0,align_legal_token,makima,4,0.6,False,0.6,0.6,0.6,0.3333333333333333,1.0,0.0,0.0,0.15,0.15,0.0,179,362.0,21.35216087498702,10.750743499986129,10.601417375000892,403,100,0,0,1.3474579900503159
llama,G3_what_polluted,L0,align_legal_token,goku,4,0.6,False,0.6,0.6,0.6,0.3333333333333333,1.0,0.0,0.3333333333333333,0.6,0.6,0.0,179,273.0,16.436636207974516,10.58059562498238,5.8560405829921365,142,100,0,0,3.0434170039370656
llama,G3_what_polluted,L0,align_legal_token,makima,4,0.6,False,0.6,0.6,0.6,0.3333333333333333,1.0,0.0,0.0,0.15,0.15,0.0,179,362.0,20.991948709008284,10.428210834012134,10.56373787499615,403,100,0,0,1.545959006762132
llama,G0,L2,align_sleep_pitch,goku,0,0.675,False,0.675,0.35,0.35,0.6666666666666666,0.5,0.0,0.3333333333333333,0.35,0.35,0.0,625,,15.561577749991557,15.561577749991557,0.0,106,137,10,0,1.7952089838217944
llama,G0,L2,align_sleep_pitch,makima,0,0.675,False,1.0,0.675,0.8,0.6666666666666666,0.5,0.0,0.3333333333333333,0.475,0.275,0.0,619,,17.328823084011674,17.328823084011674,0.0,223,137,10,0,
llama,G3,L2,align_sleep_pitch,goku,0,0.8,False,0.8,0.6,0.6,0.6666666666666666,1.0,0.0,1.0,0.875,0.875,0.0,181,638.0,26.296207708976,16.578122666978743,9.718085041997256,251,137,10,0,
llama,G3,L2,align_sleep_pitch,makima,0,0.8,False,0.8,0.6,0.6,0.6666666666666666,1.0,0.0,0.6666666666666666,0.8,0.475,0.0,181,722.0,28.506925665977178,16.744680999981938,11.76224466599524,340,137,10,0,1.6923749935813248
llama,G3_what_polluted,L2,align_sleep_pitch,goku,0,0.875,False,0.875,0.875,0.875,1.0,0.5,0.0,1.0,0.875,0.875,0.0,554,638.0,24.691127833008068,14.676676667004358,10.01445116600371,251,137,10,0,1.8367080192547292
llama,G3_what_polluted,L2,align_sleep_pitch,makima,0,0.875,False,0.875,0.875,0.875,1.0,0.5,0.0,0.6666666666666666,0.8,0.475,0.0,554,722.0,26.336861332994886,14.354115374997491,11.982745957997395,340,137,10,0,2.419333002762869
llama,G0,L2,align_sleep_pitch,goku,1,0.15,True,0.55,0.15,0.55,0.0,0.0,0.0,0.6666666666666666,0.55,0.55,0.0,625,,13.575803249987075,13.575803249987075,0.0,421,137,10,0,1.5968749939929694
llama,G0,L2,align_sleep_pitch,makima,1,0.55,False,0.55,0.55,0.55,0.6666666666666666,0.0,0.0,0.3333333333333333,0.35,0.35,0.0,619,,21.397785959008615,21.397785959008615,0.0,136,137,10,0,
llama,G3,L2,align_sleep_pitch,goku,1,0.6,False,0.6,0.4,0.4,0.3333333333333333,1.0,0.0,1.0,0.75,0.55,0.0,181,638.0,22.53091175001464,13.873730167018948,8.65718158299569,163,137,10,0,
llama,G3,L2,align_sleep_pitch,makima,1,0.6,False,0.6,0.4,0.4,0.3333333333333333,1.0,0.0,1.0,0.875,0.875,0.0,181,722.0,27.63431662399671,14.021992833004333,13.612323790992377,284,137,10,0,1.7223750182893127
llama,G3_what_polluted,L2,align_sleep_pitch,goku,1,1.0,False,1.0,1.0,1.0,1.0,1.0,0.0,1.0,0.75,0.55,0.0,554,638.0,26.741096917015966,18.152942499989877,8.58815441702609,163,137,10,0,1.4260000025387853
llama,G3_what_polluted,L2,align_sleep_pitch,makima,1,1.0,False,1.0,1.0,1.0,1.0,1.0,0.0,1.0,0.875,0.875,0.0,554,722.0,31.760283833980793,18.254306208982598,13.505977624998195,284,137,10,0,1.316040987148881
llama,G0,L2,align_sleep_pitch,goku,2,0.15,True,0.15,0.15,0.15,0.0,0.0,0.0,0.0,0.15,0.15,0.0,625,,16.654530125000747,16.654530125000747,0.0,536,137,10,0,2.2732910001650453
llama,G0,L2,align_sleep_pitch,makima,2,0.8,False,0.8,0.275,0.675,0.6666666666666666,1.0,0.0,0.6666666666666666,0.55,0.55,0.0,619,,19.2383886250027,19.2383886250027,0.0,241,137,10,0,
llama,G3,L2,align_sleep_pitch,goku,2,0.675,False,0.675,0.275,0.275,0.6666666666666666,0.5,0.0,1.0,0.875,0.675,0.0,181,638.0,21.147556165989954,11.342385083000408,9.805171082989546,226,137,10,0,
llama,G3,L2,align_sleep_pitch,makima,2,0.675,False,0.675,0.275,0.275,0.6666666666666666,0.5,0.0,0.0,0.275,0.275,0.0,181,722.0,19.39067383299698,11.32141791601316,8.06925591698382,105,137,10,0,1.4939999964553863
llama,G3_what_polluted,L2,align_sleep_pitch,goku,2,0.675,False,0.675,0.675,0.675,0.6666666666666666,0.5,0.0,1.0,0.875,0.675,0.0,554,638.0,22.80033879200346,12.917923000000883,9.882415792002575,226,137,10,0,1.4465420099440962
llama,G3_what_polluted,L2,align_sleep_pitch,makima,2,0.675,False,0.675,0.675,0.675,0.6666666666666666,0.5,0.0,0.0,0.275,0.275,0.0,554,722.0,20.884429125027964,12.857422375003807,8.027006750024157,105,137,10,0,1.8679169879760593
llama,G0,L2,align_sleep_pitch,goku,3,0.15,True,0.675,0.15,0.675,0.0,0.0,0.0,0.6666666666666666,0.675,0.675,0.0,625,,19.165152625006158,19.165152625006158,0.0,726,137,10,0,2.6164589799009264
llama,G0,L2,align_sleep_pitch,makima,3,0.6,False,1.0,0.4,0.6,0.3333333333333333,1.0,0.0,1.0,0.875,0.475,0.0,619,,20.97095004201401,20.97095004201401,0.0,470,137,10,0,
llama,G3,L2,align_sleep_pitch,goku,3,0.675,False,0.675,0.475,0.475,0.6666666666666666,0.5,0.0,1.0,0.875,0.875,0.0,181,638.0,28.146908166992944,15.957813166984124,12.18909500000882,300,137,10,0,
llama,G3,L2,align_sleep_pitch,makima,3,0.675,False,0.675,0.475,0.475,0.6666666666666666,0.5,0.0,1.0,0.875,0.875,0.0,181,722.0,29.38935429099365,15.949145999999018,13.440208290994633,306,137,10,0,1.9893750140909106
llama,G3_what_polluted,L2,align_sleep_pitch,goku,3,0.875,False,0.875,0.675,0.675,1.0,0.5,0.0,1.0,0.875,0.875,0.0,554,638.0,26.323880667012418,14.106221458001528,12.21765920901089,300,137,10,0,2.084624982671812
llama,G3_what_polluted,L2,align_sleep_pitch,makima,3,0.875,False,0.875,0.675,0.675,1.0,0.5,0.0,1.0,0.875,0.875,0.0,554,722.0,27.616521166986786,14.103283083008137,13.51323808397865,306,137,10,0,2.5522499927319586
llama,G0,L2,align_sleep_pitch,goku,4,0.15,True,0.875,0.15,0.15,0.0,0.0,0.0,0.0,0.15,0.15,0.0,625,,10.402563500014367,10.402563500014367,0.0,120,137,10,0,1.3494999730028212
llama,G0,L2,align_sleep_pitch,makima,4,0.15,False,0.55,0.35,0.55,0.0,0.0,0.0,0.6666666666666666,0.55,0.35,0.0,619,,13.807650916976854,13.807650916976854,0.0,168,137,10,0,
llama,G3,L2,align_sleep_pitch,goku,4,0.8,False,0.8,0.475,0.475,0.6666666666666666,1.0,0.0,0.6666666666666666,0.675,0.675,0.0,181,638.0,22.022902291995706,13.666508708993206,8.3563935830025,253,137,10,0,
llama,G3,L2,align_sleep_pitch,makima,4,0.8,False,0.8,0.475,0.475,0.6666666666666666,1.0,0.0,1.0,0.75,0.35,0.0,181,722.0,22.469602459023008,13.689534250006545,8.780068209016463,258,137,10,0,2.952040988020599
llama,G3_what_polluted,L2,align_sleep_pitch,goku,4,0.675,False,0.675,0.475,0.475,0.6666666666666666,0.5,0.0,0.6666666666666666,0.675,0.675,0.0,554,638.0,23.18702729101642,13.790386083011981,9.39664120800444,253,137,10,0,2.848625008482486
llama,G3_what_polluted,L2,align_sleep_pitch,makima,4,0.675,False,0.675,0.475,0.475,0.6666666666666666,0.5,0.0,1.0,0.75,0.35,0.0,554,722.0,27.261034457973437,16.692611832986586,10.568422624986852,258,137,10,0,1.8492499948479235
llama,G0,L2,align_legal_token,goku,0,0.675,False,0.8,0.675,0.8,0.6666666666666666,0.5,0.0,0.3333333333333333,0.475,0.475,0.0,504,,11.544784083002014,11.544784083002014,0.0,98,100,8,0,2.046375011559576
llama,G0,L2,align_legal_token,makima,0,0.275,False,0.8,0.275,0.8,0.0,0.5,0.0,0.6666666666666666,0.8,0.8,0.0,498,,11.52543212499586,11.52543212499586,0.0,233,100,8,0,
llama,G3,L2,align_legal_token,goku,0,0.6,False,0.6,0.6,0.6,0.3333333333333333,1.0,0.0,1.0,1.0,1.0,0.0,179,539.0,18.92107249997207,8.990142291993834,9.930930207978236,297,100,8,0,
llama,G3,L2,align_legal_token,makima,0,0.6,False,0.6,0.6,0.6,0.3333333333333333,1.0,0.0,0.0,0.275,0.275,0.0,179,628.0,16.991958416998386,9.0414637089998,7.950494707998587,196,100,8,0,1.3168750156182796
llama,G3_what_polluted,L2,align_legal_token,goku,0,0.6,False,0.8,0.6,0.8,0.3333333333333333,1.0,0.0,1.0,1.0,1.0,0.0,445,539.0,24.310806499997852,14.497722749976674,9.813083750021178,297,100,8,0,1.5796660154592246
llama,G3_what_polluted,L2,align_legal_token,makima,0,0.6,False,0.8,0.6,0.8,0.3333333333333333,1.0,0.0,0.0,0.275,0.275,0.0,445,628.0,22.42884012401919,14.453519666014472,7.975320458004717,196,100,8,0,1.358041015919298
llama,G0,L2,align_legal_token,goku,1,0.15,False,0.8,0.15,0.8,0.0,0.0,0.0,0.6666666666666666,0.8,0.8,0.0,504,,19.736974250001367,19.736974250001367,0.0,338,100,8,0,2.6077500078827143
llama,G0,L2,align_legal_token,makima,1,0.8,False,0.8,0.8,0.8,0.6666666666666666,1.0,0.0,0.0,0.15,0.15,0.0,498,,11.69224420801038,11.69224420801038,0.0,86,100,8,0,
llama,G3,L2,align_legal_token,goku,1,0.6,False,0.6,0.6,0.6,0.3333333333333333,1.0,0.0,0.6666666666666666,0.8,0.675,0.0,179,539.0,16.479905792017234,9.196920749993296,7.282985042023938,188,100,8,0,
llama,G3,L2,align_legal_token,makima,1,0.6,False,0.6,0.6,0.6,0.3333333333333333,1.0,0.0,0.6666666666666666,0.675,0.675,0.0,179,628.0,18.374385292001534,9.186430166999344,9.18795512500219,258,100,8,0,1.4990829804446548
llama,G3_what_polluted,L2,align_legal_token,goku,1,0.675,False,0.675,0.675,0.675,0.6666666666666666,0.5,0.0,0.6666666666666666,0.8,0.675,0.0,445,539.0,17.85292150103487,10.627632834017277,7.225288667017594,188,100,8,0,1.7926250002346933
llama,G3_what_polluted,L2,align_legal_token,makima,1,0.675,False,0.675,0.675,0.675,0.6666666666666666,0.5,0.0,0.6666666666666666,0.675,0.675,0.0,445,628.0,19.678513916005613,10.55363320800825,9.124880707997363,258,100,8,0,1.912666019052267
llama,G0,L2,align_legal_token,goku,2,0.675,False,0.675,0.675,0.675,0.6666666666666666,0.5,0.0,0.0,0.15,0.35,0.0,504,,12.74224295798922,12.74224295798922,0.0,91,100,8,0,1.8939169822260737
llama,G0,L2,align_legal_token,makima,2,0.275,False,0.8,0.275,0.8,0.0,0.5,0.0,0.6666666666666666,0.8,0.8,0.0,498,,13.309010084019974,13.309010084019974,0.0,286,100,8,0,
llama,G3,L2,align_legal_token,goku,2,0.6,False,0.6,0.6,0.6,0.3333333333333333,1.0,0.0,1.0,1.0,1.0,0.0,179,539.0,17.037787292036228,9.600193209014833,7.437594083021395,189,100,8,0,
llama,G3,L2,align_legal_token,makima,2,0.6,False,0.6,0.6,0.6,0.3333333333333333,1.0,0.0,1.0,1.0,0.8,0.0,179,628.0,19.970480832998874,9.576477458002046,10.394003374996828,185,100,8,0,2.450416999636218
llama,G3_what_polluted,L2,align_legal_token,goku,2,0.8,False,0.8,0.8,0.8,0.6666666666666666,1.0,0.0,1.0,1.0,1.0,0.0,445,539.0,20.157487375021446,12.676993291999679,7.480494083021767,189,100,8,0,1.637125009438023
llama,G3_what_polluted,L2,align_legal_token,makima,2,0.8,False,0.8,0.8,0.8,0.6666666666666666,1.0,0.0,1.0,1.0,0.8,0.0,445,628.0,23.192237709008623,12.816279249993386,10.375958459015237,185,100,8,0,1.507250010035932
llama,G0,L2,align_legal_token,goku,3,0.15,True,0.475,0.15,0.275,0.0,0.0,0.0,0.3333333333333333,0.475,0.275,0.0,504,,5.307365042011952,5.307365042011952,0.0,91,100,8,0,1.6695419908501208
llama,G0,L2,align_legal_token,makima,3,0.8,False,0.8,0.8,0.8,0.6666666666666666,1.0,0.0,0.6666666666666666,0.675,0.675,0.0,498,,12.176461374998325,12.176461374998325,0.0,216,100,8,0,
llama,G3,L2,align_legal_token,goku,3,0.6,False,0.6,0.6,0.6,0.3333333333333333,1.0,0.0,1.0,1.0,1.0,0.0,179,539.0,18.985518208995927,11.637926333991345,7.347591875004582,189,100,8,0,
llama,G3,L2,align_legal_token,makima,3,0.6,False,0.6,0.6,0.6,0.3333333333333333,1.0,0.0,1.0,1.0,1.0,0.0,179,628.0,20.851818291994277,11.701604792004218,9.150213499990059,252,100,8,0,2.237290987977758
llama,G3_what_polluted,L2,align_legal_token,goku,3,0.8,False,0.8,0.8,0.8,0.6666666666666666,1.0,0.0,1.0,1.0,1.0,0.0,445,539.0,20.39253679101239,13.035835791000864,7.356701000011526,189,100,8,0,1.4719160099048167
llama,G3_what_polluted,L2,align_legal_token,makima,3,0.8,False,0.8,0.8,0.8,0.6666666666666666,1.0,0.0,1.0,1.0,1.0,0.0,445,628.0,22.142082333011786,12.913784625008702,9.228297708003083,252,100,8,0,1.545957988128066
llama,G0,L2,align_legal_token,goku,4,0.475,False,0.675,0.35,0.675,0.3333333333333333,0.5,0.0,0.6666666666666666,0.675,0.675,0.0,504,,12.950300333002815,12.950300333002815,0.0,219,100,8,0,1.2974999845027924
llama,G0,L2,align_legal_token,makima,4,0.675,False,0.8,0.675,0.8,0.6666666666666666,0.5,0.0,0.6666666666666666,0.8,0.8,0.0,498,,12.34208512501209,12.34208512501209,0.0,143,100,8,0,
llama,G3,L2,align_legal_token,goku,4,0.6,False,0.6,0.6,0.6,0.3333333333333333,1.0,0.0,0.6666666666666666,0.675,0.675,0.0,179,539.0,16.712235749990214,9.991791374981403,6.72044437500881,205,100,8,0,
llama,G3,L2,align_legal_token,makima,4,0.6,False,0.6,0.6,0.6,0.3333333333333333,1.0,0.0,0.3333333333333333,0.6,0.6,0.0,179,628.0,16.998562542023137,9.26684308302356,7.731719458999578,239,100,8,0,1.6876249865163118
llama,G3_what_polluted,L2,align_legal_token,goku,4,1.0,False,1.0,0.8,0.8,1.0,1.0,0.0,0.6666666666666666,0.675,0.675,0.0,445,539.0,83.64171524898848,74.99413304100744,8.647582207981031,205,100,8,0,1.7723329947330058
llama,G3_what_polluted,L2,align_legal_token,makima,4,1.0,False,1.0,0.8,0.8,1.0,1.0,0.0,0.3333333333333333,0.6,0.6,0.0,445,628.0,25.150682001025416,15.29137529199943,9.859306709025986,239,100,8,0,2.7167919906787574
llama,G0,L3,align_sleep_pitch,goku,0,0.15,True,0.8,0.15,0.8,0.0,0.0,0.0,0.6666666666666666,0.8,0.8,0.0,1077,,15.919028750009602,15.919028750009602,0.0,532,2139,10,0,1.2504580081440508
llama,G0,L3,align_sleep_pitch,makima,0,0.15,False,0.6,0.15,0.6,0.0,0.0,0.0,0.3333333333333333,0.6,0.6,0.0,1071,,18.56665370799601,18.56665370799601,0.0,322,2139,10,0,
llama,G3,L3,align_sleep_pitch,goku,0,0.8,False,0.8,0.6,0.6,0.6666666666666666,1.0,0.0,0.6666666666666666,0.8,0.6,0.0,181,1090.0,33.12837187497644,18.13182524999138,14.996546624985058,281,2139,10,0,
llama,G3,L3,align_sleep_pitch,makima,0,0.8,False,0.8,0.6,0.6,0.6666666666666666,1.0,0.0,0.3333333333333333,0.35,0.35,0.0,181,1174.0,34.79051866699592,18.04035466699861,16.750163999997312,403,2139,10,0,1.6134589968714863
llama,G3_what_polluted,L3,align_sleep_pitch,goku,0,0.6,False,0.6,0.15,0.15,0.3333333333333333,1.0,0.0,0.6666666666666666,0.8,0.6,0.0,1006,1090.0,35.71362254102132,20.63759233301971,15.076030208001612,281,2139,10,0,1.5377920062746853
llama,G3_what_polluted,L3,align_sleep_pitch,makima,0,0.6,False,0.6,0.15,0.15,0.3333333333333333,1.0,0.0,0.3333333333333333,0.35,0.35,0.0,1006,1174.0,37.23263974901056,20.790347041009227,16.442292708001332,403,2139,10,0,2.242207992821932
llama,G0,L3,align_sleep_pitch,goku,1,0.15,True,0.275,0.15,0.275,0.0,0.0,0.0,0.0,0.275,0.275,0.0,1077,,10.393962333007948,10.393962333007948,0.0,105,2139,10,0,2.143749996321276
llama,G0,L3,align_sleep_pitch,makima,1,0.675,False,0.8,0.475,0.6,0.6666666666666666,0.5,0.0,0.6666666666666666,0.675,0.475,0.0,1071,,24.837444916018285,24.837444916018285,0.0,228,2139,10,0,
llama,G3,L3,align_sleep_pitch,goku,1,0.6,False,0.6,0.4,0.4,0.3333333333333333,1.0,0.0,1.0,1.0,0.875,0.0,181,1090.0,29.829803041997366,13.568111375003355,16.26169166699401,346,2139,10,0,
llama,G3,L3,align_sleep_pitch,makima,1,0.6,False,0.6,0.4,0.4,0.3333333333333333,1.0,0.0,1.0,1.0,0.8,0.0,181,1174.0,34.923716375022195,13.470044042012887,21.453672333009308,684,2139,10,0,2.2990409925114363
llama,G3_what_polluted,L3,align_sleep_pitch,goku,1,0.875,False,0.875,0.675,0.675,1.0,0.5,0.0,1.0,1.0,0.875,0.0,1006,1090.0,37.57738679199247,21.626509791996796,15.950876999995671,346,2139,10,0,2.202750009018928
llama,G3_what_polluted,L3,align_sleep_pitch,makima,1,0.875,False,0.875,0.675,0.675,1.0,0.5,0.0,1.0,1.0,0.8,0.0,1006,1174.0,45.46421158299199,23.65033041598508,21.81388116700691,684,2139,10,0,1.3763750030193478
llama,G0,L3,align_sleep_pitch,goku,2,0.15,True,0.275,0.15,0.275,0.0,0.0,0.0,0.0,0.275,0.275,0.0,1077,,10.540270249999594,10.540270249999594,0.0,105,2139,10,0,2.203666983405128
llama,G0,L3,align_sleep_pitch,makima,2,0.475,False,0.8,0.475,0.875,0.3333333333333333,0.5,0.0,0.0,0.15,0.15,0.0,1071,,34.196840083022835,34.196840083022835,0.0,317,2139,10,0,
llama,G3,L3,align_sleep_pitch,goku,2,0.675,False,0.675,0.275,0.275,0.6666666666666666,0.5,0.0,0.6666666666666666,0.55,0.35,0.0,181,1090.0,26.043456833984237,11.5460483339848,14.497408499999437,257,2139,10,0,
llama,G3,L3,align_sleep_pitch,makima,2,0.675,False,0.675,0.275,0.275,0.6666666666666666,0.5,0.0,0.3333333333333333,0.35,0.35,0.0,181,1174.0,24.431164291978348,10.932051874988247,13.499112416990101,229,2139,10,0,1.3802499743178487
llama,G3_what_polluted,L3,align_sleep_pitch,goku,2,0.6,False,0.6,0.6,0.6,0.3333333333333333,1.0,0.0,0.6666666666666666,0.55,0.35,0.0,1006,1090.0,34.386360498989234,20.054007333004847,14.332353165984387,257,2139,10,0,1.2409999908413738
llama,G3_what_polluted,L3,align_sleep_pitch,makima,2,0.6,False,0.6,0.6,0.6,0.3333333333333333,1.0,0.0,0.3333333333333333,0.35,0.35,0.0,1006,1174.0,31.669780500000343,18.678360707999673,12.99141979200067,229,2139,10,0,1.4461669779848307
llama,G0,L3,align_sleep_pitch,goku,3,0.15,True,0.275,0.15,0.275,0.0,0.0,0.0,0.0,0.275,0.275,0.0,1077,,10.299311749986373,10.299311749986373,0.0,107,2139,10,0,1.554250018671155
llama,G0,L3,align_sleep_pitch,makima,3,0.15,True,0.275,0.15,0.275,0.0,0.0,0.0,0.0,0.275,0.275,0.0,1071,,10.320316624973202,10.320316624973202,0.0,105,2139,10,0,
llama,G3,L3,align_sleep_pitch,goku,3,0.675,False,0.675,0.475,0.475,0.6666666666666666,0.5,0.0,1.0,0.875,0.875,0.0,181,1090.0,29.005855251016328,16.279192959016655,12.726662291999673,329,2139,10,0,
llama,G3,L3,align_sleep_pitch,makima,3,0.675,False,0.675,0.475,0.475,0.6666666666666666,0.5,0.0,1.0,0.75,0.35,0.0,181,1174.0,28.39158058402245,13.613852667011088,14.777727917011362,427,2139,10,0,1.8787500157486647
llama,G3_what_polluted,L3,align_sleep_pitch,goku,3,0.875,False,0.875,0.875,0.875,1.0,0.5,0.0,1.0,0.875,0.875,0.0,1006,1090.0,33.325460624997504,18.41694799999823,14.908512624999275,329,2139,10,0,1.355166983557865
llama,G3_what_polluted,L3,align_sleep_pitch,makima,3,0.875,False,0.875,0.875,0.875,1.0,0.5,0.0,1.0,0.75,0.35,0.0,1006,1174.0,34.15459583399934,18.043184042006033,16.111411791993305,427,2139,10,0,2.2867919760756195
llama,G0,L3,align_sleep_pitch,goku,4,0.15,True,0.275,0.15,0.275,0.0,0.0,0.0,0.0,0.275,0.275,0.0,1077,,10.068757750006625,10.068757750006625,0.0,108,2139,10,0,2.600541018182412
llama,G0,L3,align_sleep_pitch,makima,4,0.675,False,0.675,0.675,0.675,0.6666666666666666,0.5,0.0,0.0,0.275,0.275,0.0,1071,,27.397140084009152,27.397140084009152,0.0,264,2139,10,0,
llama,G3,L3,align_sleep_pitch,goku,4,0.8,False,0.8,0.475,0.475,0.6666666666666666,1.0,0.0,0.6666666666666666,0.675,0.675,0.0,181,1090.0,32.20645912498003,17.813087374990573,14.393371749989456,268,2139,10,0,
llama,G3,L3,align_sleep_pitch,makima,4,0.8,False,0.8,0.475,0.475,0.6666666666666666,1.0,0.0,0.6666666666666666,0.675,0.675,0.0,181,1174.0,31.780451958009508,17.788088957982836,13.992363000026671,242,2139,10,0,1.677749998634681
llama,G3_what_polluted,L3,align_sleep_pitch,goku,4,0.15,False,0.8,0.15,0.35,0.0,0.0,0.0,0.6666666666666666,0.675,0.675,0.0,1006,1090.0,32.7792354170233,18.174130875006085,14.605104542017216,268,2139,10,0,2.4202500062528998
llama,G3_what_polluted,L3,align_sleep_pitch,makima,4,0.15,False,0.8,0.15,0.35,0.0,0.0,0.0,0.6666666666666666,0.675,0.675,0.0,1006,1174.0,32.96216366600129,18.691842957981862,14.270320708019426,242,2139,10,0,1.972334022866562
llama,G0,L3,align_legal_token,goku,0,0.15,True,0.15,0.15,0.15,0.0,0.0,0.0,0.0,0.15,0.15,0.0,956,,10.019458750000922,10.019458750000922,0.0,105,2102,8,0,2.605124987894669
llama,G0,L3,align_legal_token,makima,0,0.15,True,0.15,0.15,0.15,0.0,0.0,0.0,0.0,0.15,0.15,0.0,950,,9.946103499998571,9.946103499998571,0.0,105,2102,8,0,
llama,G3,L3,align_legal_token,goku,0,0.6,False,0.6,0.6,0.6,0.3333333333333333,1.0,0.0,0.0,0.15,0.15,0.0,179,991.0,21.751790249021724,9.885040666005807,11.866749583015917,186,2102,8,0,
llama,G3,L3,align_legal_token,makima,0,0.6,False,0.6,0.6,0.6,0.3333333333333333,1.0,0.0,0.0,0.15,0.15,0.0,179,1080.0,18.336192290997133,10.16130962499301,8.174882666004123,116,2102,8,0,2.1589589887298644
llama,G3_what_polluted,L3,align_legal_token,goku,0,0.15,True,0.475,0.15,0.475,0.0,0.0,0.0,0.0,0.15,0.15,0.0,897,991.0,17.343685248983093,7.969086415978381,9.374598833004711,186,2102,8,0,2.1751250023953617
llama,G3_what_polluted,L3,align_legal_token,makima,0,0.15,True,0.475,0.15,0.475,0.0,0.0,0.0,0.0,0.15,0.15,0.0,897,1080.0,18.82669533297303,9.387135166994995,9.439560165978037,116,2102,8,0,1.3363749894779176
llama,G0,L3,align_legal_token,goku,1,0.15,True,0.15,0.15,0.15,0.0,0.0,0.0,0.0,0.15,0.15,0.0,956,,9.506277249980485,9.506277249980485,0.0,105,2102,8,0,1.629500009585172
llama,G0,L3,align_legal_token,makima,1,0.15,True,0.15,0.15,0.15,0.0,0.0,0.0,0.0,0.15,0.15,0.0,950,,9.545360375021119,9.545360375021119,0.0,105,2102,8,0,
llama,G3,L3,align_legal_token,goku,1,0.6,False,0.6,0.6,0.6,0.3333333333333333,1.0,0.0,0.0,0.15,0.15,0.0,179,991.0,22.99091095899348,9.563552541978424,13.427358417015057,285,2102,8,0,
llama,G3,L3,align_legal_token,makima,1,0.6,False,0.6,0.6,0.6,0.3333333333333333,1.0,0.0,0.0,0.15,0.15,0.0,179,1080.0,20.098802707972936,9.541302207973786,10.55750049999915,109,2102,8,0,2.035833982517943
llama,G3_what_polluted,L3,align_legal_token,goku,1,0.8,False,0.8,0.6,0.6,0.6666666666666666,1.0,0.0,0.0,0.15,0.15,0.0,897,991.0,26.79841962500359,13.600559040991357,13.197860584012233,285,2102,8,0,3.208042006008327
llama,G3_what_polluted,L3,align_legal_token,makima,1,0.8,False,0.8,0.6,0.6,0.6666666666666666,1.0,0.0,0.0,0.15,0.15,0.0,897,1080.0,23.955230040999595,13.513112290995196,10.4421177500044,109,2102,8,0,1.8440420099068433
llama,G0,L3,align_legal_token,goku,2,0.15,True,0.15,0.15,0.15,0.0,0.0,0.0,0.0,0.15,0.15,0.0,956,,9.546111458010273,9.546111458010273,0.0,105,2102,8,0,1.8070829974021763
llama,G0,L3,align_legal_token,makima,2,0.15,True,0.15,0.15,0.15,0.0,0.0,0.0,0.0,0.15,0.15,0.0,950,,9.492857790988637,9.492857790988637,0.0,105,2102,8,0,
llama,G3,L3,align_legal_token,goku,2,0.6,False,0.6,0.6,0.6,0.3333333333333333,1.0,0.0,0.3333333333333333,0.6,0.6,0.0,179,991.0,24.081689832994016,9.749935333005851,14.331754499988165,300,2102,8,0,
llama,G3,L3,align_legal_token,makima,2,0.6,False,0.6,0.6,0.6,0.3333333333333333,1.0,0.0,0.0,0.15,0.15,0.0,179,1080.0,20.047125416982453,9.672344582999358,10.374780833983095,105,2102,8,0,2.2093330044299364
llama,G3_what_polluted,L3,align_legal_token,goku,2,0.8,False,0.8,0.8,0.8,0.6666666666666666,1.0,0.0,0.3333333333333333,0.6,0.6,0.0,897,991.0,28.65933937500813,14.266141041007359,14.393198334000772,300,2102,8,0,2.2784580069128424
llama,G3_what_polluted,L3,align_legal_token,makima,2,0.8,False,0.8,0.8,0.8,0.6666666666666666,1.0,0.0,0.0,0.15,0.15,0.0,897,1080.0,24.43778312401264,14.089190833008615,10.348592291004024,105,2102,8,0,3.005540987942368
llama,G0,L3,align_legal_token,goku,3,0.15,True,0.15,0.15,0.15,0.0,0.0,0.0,0.0,0.15,0.15,0.0,956,,9.422544041997753,9.422544041997753,0.0,105,2102,8,0,2.5493749999441206
llama,G0,L3,align_legal_token,makima,3,0.15,True,0.15,0.15,0.15,0.0,0.0,0.0,0.0,0.15,0.15,0.0,950,,9.444083250011317,9.444083250011317,0.0,105,2102,8,0,
llama,G3,L3,align_legal_token,goku,3,0.6,False,0.6,0.6,0.6,0.3333333333333333,1.0,0.0,0.0,0.15,0.15,0.0,179,991.0,24.398124083003495,12.04684341698885,12.351280666014645,121,2102,8,0,
llama,G3,L3,align_legal_token,makima,3,0.6,False,0.6,0.6,0.6,0.3333333333333333,1.0,0.0,0.0,0.15,0.15,0.0,179,1080.0,22.612721373996465,12.186665832996368,10.426055541000096,109,2102,8,0,1.9436250149738044
llama,G3_what_polluted,L3,align_legal_token,goku,3,0.15,True,0.15,0.15,0.15,0.0,0.0,0.0,0.0,0.15,0.15,0.0,897,991.0,20.508902041998226,8.200828542001545,12.30807349999668,121,2102,8,0,1.9962080114055425
llama,G3_what_polluted,L3,align_legal_token,makima,3,0.15,True,0.15,0.15,0.15,0.0,0.0,0.0,0.0,0.15,0.15,0.0,897,1080.0,18.72692004198325,8.271393208997324,10.455526832985925,109,2102,8,0,2.180959010729566
llama,G0,L3,align_legal_token,goku,4,0.15,True,0.15,0.15,0.15,0.0,0.0,0.0,0.0,0.15,0.15,0.0,956,,9.505392791994382,9.505392791994382,0.0,105,2102,8,0,2.188125014072284
llama,G0,L3,align_legal_token,makima,4,0.15,True,0.15,0.15,0.15,0.0,0.0,0.0,0.0,0.15,0.15,0.0,950,,9.502268874988658,9.502268874988658,0.0,105,2102,8,0,
llama,G3,L3,align_legal_token,goku,4,0.6,False,0.6,0.6,0.6,0.3333333333333333,1.0,0.0,0.0,0.15,0.15,0.0,179,991.0,24.82993062402238,10.79272670802311,14.037203915999271,309,2102,8,0,
llama,G3,L3,align_legal_token,makima,4,0.6,False,0.6,0.6,0.6,0.3333333333333333,1.0,0.0,0.0,0.15,0.15,0.0,179,1080.0,21.205848998972215,10.746408207982313,10.459440790989902,109,2102,8,0,2.2982910159043968
llama,G3_what_polluted,L3,align_legal_token,goku,4,0.15,False,0.8,0.15,0.8,0.0,0.0,0.0,0.0,0.15,0.15,0.0,897,991.0,28.453821375005646,14.457122624997282,13.996698750008363,309,2102,8,0,2.1965409978292882
llama,G3_what_polluted,L3,align_legal_token,makima,4,0.15,False,0.8,0.15,0.8,0.0,0.0,0.0,0.0,0.15,0.15,0.0,897,1080.0,24.90601037500892,14.51269395800773,10.393316417001188,109,2102,8,0,2.0938339876011014
llama,G0,L4,align_sleep_pitch,goku,0,0.15,False,1.0,0.15,0.35,0.0,0.0,0.0,0.6666666666666666,0.55,0.35,0.0,1291,,19.10591579202446,19.10591579202446,0.0,175,2139,10,796,20.476250007050112
llama,G0,L4,align_sleep_pitch,makima,0,0.15,True,0.55,0.15,0.35,0.0,0.0,0.0,0.3333333333333333,0.35,0.15,0.0,1236,,11.081442208989756,11.081442208989756,0.0,161,2139,10,616,
llama,G3,L4,align_sleep_pitch,goku,0,0.8,False,0.8,0.6,0.6,0.6666666666666666,1.0,0.0,1.0,0.75,0.55,0.0,181,1304.0,24.06991174898576,12.406142666004598,11.663769082981162,279,2139,10,796,
llama,G3,L4,align_sleep_pitch,makima,0,0.8,False,0.8,0.6,0.6,0.6666666666666666,1.0,0.0,0.6666666666666666,0.675,0.275,0.0,181,1339.0,28.766477250988828,14.113147041993216,14.653330208995612,246,2139,10,616,2.6317080191802233
llama,G3_what_polluted,L4,align_sleep_pitch,goku,0,0.675,False,0.675,0.675,0.675,0.6666666666666666,0.5,0.0,1.0,0.75,0.55,0.0,1220,1304.0,39.27127395902062,23.81350962500437,15.457764334016247,279,2139,10,796,2.3406250111293048
llama,G3_what_polluted,L4,align_sleep_pitch,makima,0,0.8,False,0.8,0.475,0.475,0.6666666666666666,1.0,0.0,0.6666666666666666,0.675,0.275,0.0,1171,1339.0,34.01224020801601,19.306431833014358,14.705808375001652,246,2139,10,616,1.755459001287818
llama,G0,L4,align_sleep_pitch,goku,1,0.15,True,1.0,0.15,0.8,0.0,0.0,0.0,1.0,1.0,0.8,0.0,1291,,19.574192749976646,19.574192749976646,0.0,512,2139,10,796,1.6560420044697821
llama,G0,L4,align_sleep_pitch,makima,1,0.15,True,0.8,0.15,0.6,0.0,0.0,0.0,0.6666666666666666,0.8,0.6,0.0,1236,,15.663719000003766,15.663719000003766,0.0,323,2139,10,616,
llama,G3,L4,align_sleep_pitch,goku,1,0.6,False,0.6,0.4,0.4,0.3333333333333333,1.0,0.0,0.6666666666666666,0.675,0.675,0.0,181,1304.0,29.607183041982353,13.296701374987606,16.310481666994747,311,2139,10,796,
llama,G3,L4,align_sleep_pitch,makima,1,0.6,False,0.6,0.4,0.4,0.3333333333333333,1.0,0.0,0.6666666666666666,0.8,0.275,0.0,181,1339.0,27.280713249987457,13.274513374984963,14.006199875002494,207,2139,10,616,2.3240000009536743
llama,G3_what_polluted,L4,align_sleep_pitch,goku,1,0.15,True,0.15,0.15,0.15,0.0,0.0,0.0,0.6666666666666666,0.675,0.675,0.0,1220,1304.0,27.76948400097899,11.480295166984433,16.289188833994558,311,2139,10,796,2.6445420226082206
llama,G3_what_polluted,L4,align_sleep_pitch,makima,1,0.8,False,0.8,0.6,0.6,0.6666666666666666,1.0,0.0,0.6666666666666666,0.8,0.275,0.0,1171,1339.0,33.27637920901179,21.598250292008743,11.67812891700305,207,2139,10,616,2.542834001360461
llama,G0,L4,align_sleep_pitch,goku,2,0.15,True,0.275,0.15,0.275,0.0,0.0,0.0,0.0,0.275,0.275,0.0,1291,,9.830920917011099,9.830920917011099,0.0,121,2139,10,796,2.5764589954633266
llama,G0,L4,align_sleep_pitch,makima,2,0.15,True,0.275,0.15,0.275,0.0,0.0,0.0,0.0,0.275,0.275,0.0,1236,,9.558139917004155,9.558139917004155,0.0,111,2139,10,616,
llama,G3,L4,align_sleep_pitch,goku,2,0.675,False,0.675,0.275,0.275,0.6666666666666666,0.5,0.0,0.3333333333333333,0.35,0.15,0.0,181,1304.0,65.20999945900985,9.5784510000085,55.63154845900135,193,2139,10,796,
llama,G3,L4,align_sleep_pitch,makima,2,0.675,False,0.675,0.275,0.275,0.6666666666666666,0.5,0.0,1.0,0.875,0.475,0.0,181,1339.0,34.944135458994424,21.083808374998625,13.860327083995799,272,2139,10,616,31.25016699777916
llama,G3_what_polluted,L4,align_sleep_pitch,goku,2,0.15,True,0.275,0.15,0.15,0.0,0.0,0.0,0.3333333333333333,0.35,0.15,0.0,1220,1304.0,23.74413487498532,9.881390833004843,13.862744041980477,193,2139,10,796,2.2972089936956763
llama,G3_what_polluted,L4,align_sleep_pitch,makima,2,0.8,False,0.8,0.475,0.475,0.6666666666666666,1.0,0.0,1.0,0.875,0.475,0.0,1171,1339.0,29.44139012499363,15.7352608749934,13.706129250000231,272,2139,10,616,1.3227919989731163
llama,G0,L4,align_sleep_pitch,goku,3,0.15,True,0.275,0.15,0.275,0.0,0.0,0.0,0.0,0.275,0.275,0.0,1291,,23.182584125024732,23.182584125024732,0.0,107,2139,10,796,6.092625000746921
llama,G0,L4,align_sleep_pitch,makima,3,0.15,True,0.275,0.15,0.275,0.0,0.0,0.0,0.0,0.275,0.275,0.0,1236,,31.315590166981565,31.315590166981565,0.0,105,2139,10,616,
llama,G3,L4,align_sleep_pitch,goku,3,0.675,False,0.675,0.475,0.475,0.6666666666666666,0.5,0.0,0.6666666666666666,0.55,0.15,0.0,181,1304.0,45.64336258301046,26.371179125009803,19.272183458000654,224,2139,10,796,
llama,G3,L4,align_sleep_pitch,makima,3,0.675,False,0.675,0.475,0.475,0.6666666666666666,0.5,0.0,0.6666666666666666,0.675,0.275,0.0,181,1339.0,34.312449459015625,20.367573374998756,13.944876084016869,117,2139,10,616,1.9255829975008965
llama,G3_what_polluted,L4,align_sleep_pitch,goku,3,0.15,True,0.275,0.15,0.275,0.0,0.0,0.0,0.6666666666666666,0.55,0.15,0.0,1220,1304.0,28.75318016600795,12.43210825001006,16.32107191599789,224,2139,10,796,3.250250010751188
llama,G3_what_polluted,L4,align_sleep_pitch,makima,3,0.6,False,0.6,0.8,0.8,0.3333333333333333,1.0,0.0,0.6666666666666666,0.675,0.275,0.0,1171,1339.0,40.93801537601394,29.868603667011485,11.069411709002452,117,2139,10,616,2.795625012367964
llama,G0,L4,align_sleep_pitch,goku,4,0.15,True,0.475,0.15,0.275,0.0,0.0,0.0,0.0,0.275,0.275,0.0,1291,,14.766728707996663,14.766728707996663,0.0,204,2139,10,796,3.3010409970302135
llama,G0,L4,align_sleep_pitch,makima,4,0.15,True,0.275,0.15,0.275,0.0,0.0,0.0,0.0,0.275,0.275,0.0,1236,,10.395797790988581,10.395797790988581,0.0,108,2139,10,616,
llama,G3,L4,align_sleep_pitch,goku,4,0.8,False,0.8,0.475,0.475,0.6666666666666666,1.0,0.0,0.6666666666666666,0.55,0.35,0.0,181,1304.0,28.295275833981577,15.471665333985584,12.823610499995993,183,2139,10,796,
llama,G3,L4,align_sleep_pitch,makima,4,0.8,False,0.8,0.475,0.475,0.6666666666666666,1.0,0.0,1.0,0.875,0.475,0.0,181,1339.0,32.56192191698938,16.12224129200331,16.439680624986067,418,2139,10,616,3.3598750014789402
llama,G3_what_polluted,L4,align_sleep_pitch,goku,4,0.8,False,0.8,0.4,0.4,0.6666666666666666,1.0,0.0,0.6666666666666666,0.55,0.35,0.0,1220,1304.0,32.337954041024204,19.941432457999326,12.396521583024878,183,2139,10,796,1.3908749970141798
llama,G3_what_polluted,L4,align_sleep_pitch,makima,4,0.8,False,0.8,0.8,0.8,0.6666666666666666,1.0,0.0,1.0,0.875,0.475,0.0,1171,1339.0,45.922694709006464,28.975623625010485,16.94707108399598,418,2139,10,616,3.9855840150266886
llama,G0,L4,align_legal_token,goku,0,0.15,True,0.275,0.15,0.275,0.0,0.0,0.0,0.0,0.275,0.275,0.0,1170,,44.06313354201848,44.06313354201848,0.0,1977,2102,8,796,1.8436670070514083
llama,G0,L4,align_legal_token,makima,0,0.15,True,0.8,0.15,0.8,0.0,0.0,0.0,0.6666666666666666,0.8,0.8,0.0,1115,,34.10963725001784,34.10963725001784,0.0,1469,2102,8,616,
llama,G3,L4,align_legal_token,goku,0,0.6,False,0.6,0.6,0.6,0.3333333333333333,1.0,0.0,0.6666666666666666,0.8,0.8,0.0,179,1205.0,21.69446950001293,9.65777520899428,12.036694291018648,237,2102,8,796,
llama,G3,L4,align_legal_token,makima,0,0.6,False,0.6,0.6,0.6,0.3333333333333333,1.0,0.0,0.0,0.15,0.15,0.0,179,1245.0,19.1634197079984,8.562284499988891,10.60113520800951,109,2102,8,616,2.526541007682681
llama,G3_what_polluted,L4,align_legal_token,goku,0,0.8,False,0.8,0.8,0.8,0.6666666666666666,1.0,0.0,0.6666666666666666,0.8,0.8,0.0,1111,1205.0,26.179722000000766,14.041887625004165,12.1378343749966,237,2102,8,796,2.161457989132032
llama,G3_what_polluted,L4,align_legal_token,makima,0,0.275,False,0.275,0.275,0.275,0.0,0.5,0.0,0.0,0.15,0.15,0.0,1062,1245.0,27.705260042013833,17.135923583002295,10.569336459011538,109,2102,8,616,1.5168339887168258
llama,G0,L4,align_legal_token,goku,1,0.15,True,0.15,0.15,0.15,0.0,0.0,0.0,0.0,0.15,0.15,0.0,1170,,10.048783083009766,10.048783083009766,0.0,105,2102,8,796,2.488166996045038
llama,G0,L4,align_legal_token,makima,1,0.15,True,0.15,0.15,0.15,0.0,0.0,0.0,0.0,0.15,0.15,0.0,1115,,9.609730374999344,9.609730374999344,0.0,105,2102,8,616,
llama,G3,L4,align_legal_token,goku,1,0.6,False,0.6,0.6,0.6,0.3333333333333333,1.0,0.0,0.6666666666666666,0.8,0.8,0.0,179,1205.0,21.20035016699694,8.684502582997084,12.515847583999857,235,2102,8,796,
llama,G3,L4,align_legal_token,makima,1,0.6,False,0.6,0.6,0.6,0.3333333333333333,1.0,0.0,0.3333333333333333,0.475,0.475,0.0,179,1245.0,23.82363341699238,8.901282833976438,14.922350583015941,380,2102,8,616,2.211957995314151
llama,G3_what_polluted,L4,align_legal_token,goku,1,0.8,False,0.8,0.8,0.8,0.6666666666666666,1.0,0.0,0.6666666666666666,0.8,0.8,0.0,1111,1205.0,26.874518791999435,14.591991458990378,12.282527333009057,235,2102,8,796,2.0480829989537597
llama,G3_what_polluted,L4,align_legal_token,makima,1,0.8,False,0.8,0.8,0.8,0.6666666666666666,1.0,0.0,0.3333333333333333,0.475,0.475,0.0,1062,1245.0,29.12689312500879,14.166884042002494,14.960009083006298,380,2102,8,616,2.492125000571832
llama,G0,L4,align_legal_token,goku,2,0.15,True,0.15,0.15,0.15,0.0,0.0,0.0,0.0,0.15,0.15,0.0,1170,,10.4182632919983,10.4182632919983,0.0,119,2102,8,796,2.4021250137593597
llama,G0,L4,align_legal_token,makima,2,0.15,True,0.15,0.15,0.15,0.0,0.0,0.0,0.0,0.15,0.15,0.0,1115,,9.871374208014458,9.871374208014458,0.0,105,2102,8,616,
llama,G3,L4,align_legal_token,goku,2,0.6,False,0.6,0.6,0.6,0.3333333333333333,1.0,0.0,1.0,1.0,1.0,0.0,179,1205.0,22.46120250003878,9.018376625026576,13.442825875012204,316,2102,8,796,
llama,G3,L4,align_legal_token,makima,2,0.6,False,0.6,0.6,0.6,0.3333333333333333,1.0,0.0,0.0,0.15,0.15,0.0,179,1245.0,19.35211387500749,8.926654292008607,10.425459582998883,105,2102,8,616,2.411957975709811
llama,G3_what_polluted,L4,align_legal_token,goku,2,1.0,False,1.0,1.0,1.0,1.0,1.0,0.0,1.0,1.0,1.0,0.0,1111,1205.0,28.730775125004584,14.881182207987877,13.849592917016707,316,2102,8,796,2.093625022098422
llama,G3_what_polluted,L4,align_legal_token,makima,2,0.8,False,0.8,0.8,0.8,0.6666666666666666,1.0,0.0,0.0,0.15,0.15,0.0,1062,1245.0,23.718230082973605,13.174567957990803,10.543662124982802,105,2102,8,616,3.6335420154500753
llama,G0,L4,align_legal_token,goku,3,0.15,True,0.275,0.15,0.275,0.0,0.0,0.0,0.0,0.275,0.275,0.0,1170,,42.769101500016404,42.769101500016404,0.0,1979,2102,8,796,2.433499990729615
llama,G0,L4,align_legal_token,makima,3,0.15,True,0.15,0.15,0.15,0.0,0.0,0.0,0.0,0.15,0.15,0.0,1115,,9.697979291988304,9.697979291988304,0.0,105,2102,8,616,
llama,G3,L4,align_legal_token,goku,3,0.6,False,0.6,0.6,0.6,0.3333333333333333,1.0,0.0,0.3333333333333333,0.6,0.675,0.0,179,1205.0,22.11682154200389,11.0894471250067,11.02737441699719,145,2102,8,796,
llama,G3,L4,align_legal_token,makima,3,0.6,False,0.6,0.6,0.6,0.3333333333333333,1.0,0.0,0.0,0.15,0.15,0.0,179,1245.0,21.581236041995,11.032812749996083,10.548423291998915,109,2102,8,616,1.552792004076764
llama,G3_what_polluted,L4,align_legal_token,goku,3,0.6,False,0.6,0.4,0.6,0.3333333333333333,1.0,0.0,0.3333333333333333,0.6,0.675,0.0,1111,1205.0,24.49679425000795,13.758015458006412,10.73877879200154,145,2102,8,796,2.4520839797332883
llama,G3_what_polluted,L4,align_legal_token,makima,3,0.8,False,0.8,0.8,0.8,0.6666666666666666,1.0,0.0,0.0,0.15,0.15,0.0,1062,1245.0,24.02077854197705,13.486425041977782,10.53435349999927,109,2102,8,616,1.3810000091325492
llama,G0,L4,align_legal_token,goku,4,0.15,True,0.15,0.15,0.15,0.0,0.0,0.0,0.0,0.15,0.15,0.0,1170,,10.122537415998522,10.122537415998522,0.0,108,2102,8,796,2.1313340112101287
llama,G0,L4,align_legal_token,makima,4,0.15,True,0.15,0.15,0.15,0.0,0.0,0.0,0.0,0.15,0.15,0.0,1115,,9.82772070801002,9.82772070801002,0.0,105,2102,8,616,
llama,G3,L4,align_legal_token,goku,4,0.6,False,0.6,0.6,0.6,0.3333333333333333,1.0,0.0,1.0,1.0,1.0,0.0,179,1205.0,23.79877229098929,9.87478620800539,13.923986082983902,312,2102,8,796,
llama,G3,L4,align_legal_token,makima,4,0.6,False,0.6,0.6,0.6,0.3333333333333333,1.0,0.0,0.6666666666666666,0.8,0.8,0.0,179,1245.0,27.043280665995553,9.883667165995575,17.159613499999978,506,2102,8,616,1.7878750222735107
llama,G3_what_polluted,L4,align_legal_token,goku,4,0.8,False,0.8,0.8,0.8,0.6666666666666666,1.0,0.0,1.0,1.0,1.0,0.0,1111,1205.0,30.712188667006558,16.906752125010826,13.805436541995732,312,2102,8,796,2.160999982152134
llama,G3_what_polluted,L4,align_legal_token,makima,4,0.6,False,0.6,0.6,0.6,0.3333333333333333,1.0,0.0,0.6666666666666666,0.8,0.8,0.0,1062,1245.0,29.044265500007896,13.206706917000702,15.837558583007194,506,2102,8,616,2.301291999174282
gemma,G0,L0,align_sleep_pitch,goku,0,0.8,False,0.8,0.6,0.6,0.6666666666666666,1.0,0.0,0.6666666666666666,0.8,0.6,0.0,243,,13.843723999976646,13.843723999976646,0.0,924,137,0,0,17.73179101292044
gemma,G0,L0,align_sleep_pitch,makima,0,0.675,False,0.675,0.675,0.675,0.6666666666666666,0.5,0.0,0.3333333333333333,0.35,0.15,0.0,235,,9.548523083998589,9.548523083998589,0.0,271,137,0,0,
gemma,G3,L0,align_sleep_pitch,goku,0,0.8,False,0.8,0.6,0.6,0.6666666666666666,1.0,0.0,0.6666666666666666,0.8,0.475,0.0,169,261.0,13.277971915988019,7.607690290984465,5.670281625003554,277,137,0,0,
gemma,G3,L0,align_sleep_pitch,makima,0,0.8,False,0.8,0.6,0.6,0.6666666666666666,1.0,0.0,0.0,0.15,0.15,0.0,169,354.0,10.027203042031033,6.801420625008177,3.225782417022856,100,137,0,0,1.963291986612603
gemma,G3_what_polluted,L0,align_sleep_pitch,goku,0,0.8,False,0.8,0.6,0.6,0.6666666666666666,1.0,0.0,0.6666666666666666,0.8,0.475,0.0,169,261.0,12.00783704101923,6.626078791014152,5.381758250005078,277,137,0,0,2.3234999971464276
gemma,G3_what_polluted,L0,align_sleep_pitch,makima,0,0.8,False,0.8,0.6,0.6,0.6666666666666666,1.0,0.0,0.0,0.15,0.15,0.0,169,354.0,9.752848916017683,6.72251729099662,3.030331625021063,100,137,0,0,3.1282079871743917
gemma,G0,L0,align_sleep_pitch,goku,1,0.15,True,0.8,0.15,0.475,0.0,0.0,0.0,0.6666666666666666,0.8,0.475,0.0,243,,19.90445008300594,19.90445008300594,0.0,1467,137,0,0,1.6055000014603138
gemma,G0,L0,align_sleep_pitch,makima,1,0.8,False,0.8,0.475,0.475,0.6666666666666666,1.0,0.0,0.3333333333333333,0.35,0.15,0.0,235,,9.991997916979017,9.991997916979017,0.0,333,137,0,0,
gemma,G3,L0,align_sleep_pitch,goku,1,0.8,False,0.8,0.475,0.475,0.6666666666666666,1.0,0.0,1.0,1.0,0.6,0.0,169,261.0,13.989204791985685,6.9418876669951715,7.0473171249905135,366,137,0,0,
gemma,G3,L0,align_sleep_pitch,makima,1,0.8,False,0.8,0.475,0.475,0.6666666666666666,1.0,0.0,0.0,0.15,0.15,0.0,169,354.0,10.739439750032034,6.779145042004529,3.9602947080275044,195,137,0,0,1.9568749994505197
gemma,G3_what_polluted,L0,align_sleep_pitch,goku,1,0.8,False,0.8,0.475,0.475,0.6666666666666666,1.0,0.0,1.0,1.0,0.6,0.0,169,261.0,13.687708707991987,6.743079999985639,6.9446287080063485,366,137,0,0,1.9960000063292682
gemma,G3_what_polluted,L0,align_sleep_pitch,makima,1,0.8,False,0.8,0.475,0.475,0.6666666666666666,1.0,0.0,0.0,0.15,0.15,0.0,169,354.0,10.741367832990363,6.817767333006486,3.923600499983877,195,137,0,0,2.9183330188971013
gemma,G0,L0,align_sleep_pitch,goku,2,0.475,False,0.475,0.275,0.475,0.3333333333333333,0.5,0.0,0.3333333333333333,0.475,0.475,0.0,243,,11.20185991699691,11.20185991699691,0.0,814,137,0,0,3.2213750237133354
gemma,G0,L0,align_sleep_pitch,makima,2,0.6,False,0.8,0.275,0.6,0.3333333333333333,1.0,0.0,0.3333333333333333,0.475,0.475,0.0,235,,10.64650345800328,10.64650345800328,0.0,305,137,0,0,
gemma,G3,L0,align_sleep_pitch,goku,2,0.8,False,0.8,0.6,0.6,0.6666666666666666,1.0,0.0,1.0,1.0,0.675,0.0,169,261.0,20.564153417013586,10.020335417008027,10.543818000005558,585,137,0,0,
gemma,G3,L0,align_sleep_pitch,makima,2,0.8,False,0.8,0.6,0.6,0.6666666666666666,1.0,0.0,0.6666666666666666,0.55,0.15,0.0,169,354.0,18.60014841600787,10.281754041003296,8.318394375004573,233,137,0,0,1.886832993477583
gemma,G3_what_polluted,L0,align_sleep_pitch,goku,2,0.8,False,0.8,0.6,0.6,0.6666666666666666,1.0,0.0,1.0,1.0,0.675,0.0,169,261.0,21.376532084017526,10.75385800001095,10.622674084006576,585,137,0,0,1.8409169861115515
gemma,G3_what_polluted,L0,align_sleep_pitch,makima,2,0.8,False,0.8,0.6,0.6,0.6666666666666666,1.0,0.0,0.6666666666666666,0.55,0.15,0.0,169,354.0,18.483578499988653,10.160381082998356,8.323197416990297,233,137,0,0,3.267333988333121
gemma,G0,L0,align_sleep_pitch,goku,3,0.475,False,0.8,0.275,0.675,0.3333333333333333,0.5,0.0,0.6666666666666666,0.8,0.675,0.0,243,,11.498389915999724,11.498389915999724,0.0,778,137,0,0,1.7210410151164979
gemma,G0,L0,align_sleep_pitch,makima,3,0.6,False,0.8,0.4,0.6,0.3333333333333333,1.0,0.0,0.3333333333333333,0.35,0.15,0.0,235,,7.899883542006137,7.899883542006137,0.0,259,137,0,0,
gemma,G3,L0,align_sleep_pitch,goku,3,0.8,False,0.8,0.6,0.6,0.6666666666666666,1.0,0.0,1.0,1.0,0.475,0.0,169,261.0,16.941054958006134,7.259711582999444,9.68134337500669,578,137,0,0,
gemma,G3,L0,align_sleep_pitch,makima,3,0.8,False,0.8,0.6,0.6,0.6666666666666666,1.0,0.0,0.0,0.15,0.15,0.0,169,354.0,9.473765416973038,6.992816916987067,2.4809484999859706,22,137,0,0,1.6130419971887022
gemma,G3_what_polluted,L0,align_sleep_pitch,goku,3,0.8,False,0.8,0.6,0.6,0.6666666666666666,1.0,0.0,1.0,1.0,0.475,0.0,169,261.0,16.577450750017306,7.037058834015625,9.540391916001681,578,137,0,0,1.5211669960990548
gemma,G3_what_polluted,L0,align_sleep_pitch,makima,3,0.8,False,0.8,0.6,0.6,0.6666666666666666,1.0,0.0,0.0,0.15,0.15,0.0,169,354.0,9.405867999972543,7.021088082983624,2.3847799169889186,22,137,0,0,1.4950830081943423
gemma,G0,L0,align_sleep_pitch,goku,4,0.475,False,0.8,0.475,0.6,0.3333333333333333,0.5,0.0,0.6666666666666666,0.675,0.475,0.0,243,,11.720637417020043,11.720637417020043,0.0,416,137,0,0,2.1291660086717457
gemma,G0,L0,align_sleep_pitch,makima,4,0.675,False,0.8,0.275,0.475,0.6666666666666666,0.5,0.0,0.6666666666666666,0.8,0.475,0.0,235,,9.268926249991637,9.268926249991637,0.0,460,137,0,0,
gemma,G3,L0,align_sleep_pitch,goku,4,0.8,False,0.8,0.675,0.675,0.6666666666666666,1.0,0.0,0.3333333333333333,0.6,0.475,0.0,169,261.0,15.66499891798594,7.716746208985569,7.948252709000371,449,137,0,0,
gemma,G3,L0,align_sleep_pitch,makima,4,0.8,False,0.8,0.675,0.675,0.6666666666666666,1.0,0.0,0.0,0.15,0.15,0.0,169,354.0,10.111726748960791,7.6812199159758165,2.4305068329849746,22,137,0,0,2.056375000393018
gemma,G3_what_polluted,L0,align_sleep_pitch,goku,4,0.8,False,0.8,0.675,0.675,0.6666666666666666,1.0,0.0,0.3333333333333333,0.6,0.475,0.0,169,261.0,15.42149770798278,7.636833957978524,7.784663750004256,449,137,0,0,1.5815829974599183
gemma,G3_what_polluted,L0,align_sleep_pitch,makima,4,0.8,False,0.8,0.675,0.675,0.6666666666666666,1.0,0.0,0.0,0.15,0.15,0.0,169,354.0,10.084312457998749,7.693584874999942,2.3907275829988066,22,137,0,0,6.681083992589265
gemma,G0,L0,align_legal_token,goku,0,0.275,False,0.8,0.275,0.8,0.0,0.5,0.0,0.6666666666666666,0.8,0.8,0.0,227,,11.73333437499241,11.73333437499241,0.0,360,100,0,0,2.0257919968571514
gemma,G0,L0,align_legal_token,makima,0,0.6,False,0.6,0.6,0.6,0.3333333333333333,1.0,0.0,0.0,0.15,0.15,0.0,219,,9.137680290994467,9.137680290994467,0.0,57,100,0,0,
gemma,G3,L0,align_legal_token,goku,0,0.8,False,0.8,0.6,0.6,0.6666666666666666,1.0,0.0,0.6666666666666666,0.8,0.8,0.0,165,277.0,18.769648667017464,8.953668792004464,9.815979875013,555,100,0,0,
gemma,G3,L0,align_legal_token,makima,0,0.8,False,0.8,0.6,0.6,0.6666666666666666,1.0,0.0,0.0,0.15,0.15,0.0,165,373.0,12.599636416009162,8.90748187500867,3.692154541000491,158,100,0,0,2.6510420138947666
gemma,G3_what_polluted,L0,align_legal_token,goku,0,0.8,False,0.8,0.6,0.6,0.6666666666666666,1.0,0.0,0.6666666666666666,0.8,0.8,0.0,165,277.0,18.982462332991417,8.908003832999384,10.074458499992033,555,100,0,0,1.8992910045199096
gemma,G3_what_polluted,L0,align_legal_token,makima,0,0.8,False,0.8,0.6,0.6,0.6666666666666666,1.0,0.0,0.0,0.15,0.15,0.0,165,373.0,12.821901334013091,9.153647667000769,3.6682536670123227,158,100,0,0,1.7100419790949672
gemma,G0,L0,align_legal_token,goku,1,0.15,False,0.8,0.15,0.8,0.0,0.0,0.0,0.6666666666666666,0.8,0.6,0.0,227,,12.251180958002806,12.251180958002806,0.0,355,100,0,0,1.8883339944295585
gemma,G0,L0,align_legal_token,makima,1,0.35,False,0.475,0.15,0.275,0.3333333333333333,0.0,0.0,0.0,0.275,0.275,0.0,219,,10.386184959003003,10.386184959003003,0.0,278,100,0,0,
gemma,G3,L0,align_legal_token,goku,1,0.275,False,0.6,0.275,0.6,0.0,0.5,0.0,0.0,0.15,0.15,0.0,165,277.0,29.7194342490111,9.09231604100205,20.62711820800905,583,100,0,0,
gemma,G3,L0,align_legal_token,makima,1,0.275,False,0.6,0.275,0.6,0.0,0.5,0.0,0.0,0.275,0.275,0.0,165,373.0,12.882703123992542,9.125637582998024,3.7570655409945175,146,100,0,0,1.8646669923327863
gemma,G3_what_polluted,L0,align_legal_token,goku,1,0.275,False,0.6,0.275,0.6,0.0,0.5,0.0,0.0,0.15,0.15,0.0,165,277.0,29.86310220899759,8.982199874997605,20.880902333999984,583,100,0,0,4.0690839814487845
gemma,G3_what_polluted,L0,align_legal_token,makima,1,0.275,False,0.6,0.275,0.6,0.0,0.5,0.0,0.0,0.275,0.275,0.0,165,373.0,12.868910666991724,9.06650424998952,3.802406417002203,146,100,0,0,1.6333330131601542
gemma,G0,L0,align_legal_token,goku,2,0.6,False,0.6,0.6,0.6,0.3333333333333333,1.0,0.0,0.3333333333333333,0.6,0.4,0.0,227,,13.285651792015415,13.285651792015415,0.0,543,100,0,0,4.1762499895412475
gemma,G0,L0,align_legal_token,makima,2,0.35,False,0.8,0.35,0.8,0.3333333333333333,0.0,0.0,0.3333333333333333,0.6,0.6,0.0,219,,9.671384415996727,9.671384415996727,0.0,320,100,0,0,
gemma,G3,L0,align_legal_token,goku,2,1.0,False,1.0,0.8,0.8,1.0,1.0,0.0,0.6666666666666666,0.675,0.475,0.0,165,277.0,14.367910998989828,7.7568625830172095,6.611048415972618,360,100,0,0,
gemma,G3,L0,align_legal_token,makima,2,1.0,False,1.0,0.8,0.8,1.0,1.0,0.0,0.0,0.15,0.15,0.0,165,373.0,12.924431666004239,8.768567833001725,4.155863833002513,99,100,0,0,2.209250000305474
gemma,G3_what_polluted,L0,align_legal_token,goku,2,1.0,False,1.0,0.8,0.8,1.0,1.0,0.0,0.6666666666666666,0.675,0.475,0.0,165,277.0,14.491941833024612,8.064892125024926,6.427049707999686,360,100,0,0,4.311833006795496
gemma,G3_what_polluted,L0,align_legal_token,makima,2,1.0,False,1.0,0.8,0.8,1.0,1.0,0.0,0.0,0.15,0.15,0.0,165,373.0,10.794333291996736,7.530348667001817,3.2639846249949187,99,100,0,0,1.8407920142635703
gemma,G0,L0,align_legal_token,goku,3,0.475,False,1.0,0.475,0.8,0.3333333333333333,0.5,0.0,0.6666666666666666,0.8,0.8,0.0,227,,12.234920749993762,12.234920749993762,0.0,534,100,0,0,2.5516250170767307
gemma,G0,L0,align_legal_token,makima,3,0.475,False,0.6,0.475,0.6,0.3333333333333333,0.5,0.0,0.3333333333333333,0.6,0.6,0.0,219,,8.817350917001022,8.817350917001022,0.0,356,100,0,0,
gemma,G3,L0,align_legal_token,goku,3,0.275,False,0.8,0.275,0.8,0.0,0.5,0.0,1.0,1.0,0.875,0.0,165,277.0,17.513133250002284,7.835520166991046,9.677613083011238,571,100,0,0,
gemma,G3,L0,align_legal_token,makima,3,0.275,False,0.8,0.275,0.8,0.0,0.5,0.0,0.0,0.275,0.275,0.0,165,373.0,11.407581667008344,7.842043542012107,3.5655381249962375,141,100,0,0,1.4290410035755485
gemma,G3_what_polluted,L0,align_legal_token,goku,3,0.275,False,0.8,0.275,0.8,0.0,0.5,0.0,1.0,1.0,0.875,0.0,165,277.0,17.14401737501612,7.5868842500203755,9.557133124995744,571,100,0,0,1.7657089920248836
gemma,G3_what_polluted,L0,align_legal_token,makima,3,0.275,False,0.8,0.275,0.8,0.0,0.5,0.0,0.0,0.275,0.275,0.0,165,373.0,11.17666308398475,7.533775166986743,3.6428879169980064,141,100,0,0,2.065416978439316
gemma,G0,L0,align_legal_token,goku,4,0.6,False,0.8,0.4,0.8,0.3333333333333333,1.0,0.0,0.6666666666666666,0.8,0.8,0.0,227,,11.497439458995359,11.497439458995359,0.0,792,100,0,0,2.060708007775247
gemma,G0,L0,align_legal_token,makima,4,0.15,False,0.6,0.15,0.6,0.0,0.0,0.0,0.3333333333333333,0.6,0.6,0.0,219,,9.854833249992225,9.854833249992225,0.0,342,100,0,0,
gemma,G3,L0,align_legal_token,goku,4,0.6,False,0.8,0.6,0.8,0.3333333333333333,1.0,0.0,1.0,1.0,0.875,0.0,165,277.0,19.168858666991582,6.6520473749842495,12.516811292007333,813,100,0,0,
gemma,G3,L0,align_legal_token,makima,4,0.6,False,0.8,0.6,0.8,0.3333333333333333,1.0,0.0,0.0,0.15,0.15,0.0,165,373.0,10.253085125004873,6.932171458000084,3.3209136670047883,99,100,0,0,1.825290994020179
gemma,G3_what_polluted,L0,align_legal_token,goku,4,0.6,False,0.8,0.6,0.8,0.3333333333333333,1.0,0.0,1.0,1.0,0.875,0.0,165,277.0,19.762624708004296,6.893170791998273,12.869453916006023,813,100,0,0,3.457332990365103
gemma,G3_what_polluted,L0,align_legal_token,makima,4,0.6,False,0.8,0.6,0.8,0.3333333333333333,1.0,0.0,0.0,0.15,0.15,0.0,165,373.0,10.48297187400749,6.840890708001098,3.642081166006392,99,100,0,0,1.7457919893786311
gemma,G0,L2,align_sleep_pitch,goku,0,0.675,False,0.8,0.475,0.475,0.6666666666666666,0.5,0.0,0.6666666666666666,0.675,0.275,0.0,619,,12.774791417003144,12.774791417003144,0.0,215,137,10,0,1.5275409969035536
gemma,G0,L2,align_sleep_pitch,makima,0,0.15,True,0.35,0.15,0.35,0.0,0.0,0.0,0.3333333333333333,0.35,0.35,0.0,611,,7.484710082993843,7.484710082993843,0.0,309,137,10,0,
gemma,G3,L2,align_sleep_pitch,goku,0,0.8,False,0.8,0.6,0.6,0.6666666666666666,1.0,0.0,1.0,1.0,0.675,0.0,169,637.0,14.335364791972097,7.348752041987609,6.986612749984488,196,137,10,0,
gemma,G3,L2,align_sleep_pitch,makima,0,0.8,False,0.8,0.6,0.6,0.6666666666666666,1.0,0.0,1.0,1.0,0.875,0.0,169,730.0,14.409927500004414,7.29347770800814,7.116449791996274,233,137,10,0,1.8104580231010914
gemma,G3_what_polluted,L2,align_sleep_pitch,goku,0,0.15,True,1.0,0.15,0.55,0.0,0.0,0.0,1.0,1.0,0.675,0.0,545,637.0,17.08687099898816,10.015921707992675,7.070949290995486,196,137,10,0,1.9066249951720238
gemma,G3_what_polluted,L2,align_sleep_pitch,makima,0,0.15,True,1.0,0.15,0.55,0.0,0.0,0.0,1.0,1.0,0.875,0.0,545,730.0,16.607635624997783,9.785117416991852,6.822518208005931,233,137,10,0,2.019582985667512
gemma,G0,L2,align_sleep_pitch,goku,1,0.15,True,0.8,0.15,0.475,0.0,0.0,0.0,0.6666666666666666,0.8,0.15,0.0,619,,9.147421875008149,9.147421875008149,0.0,259,137,10,0,2.0012499880976975
gemma,G0,L2,align_sleep_pitch,makima,1,0.15,True,0.35,0.15,0.35,0.0,0.0,0.0,0.0,0.15,0.15,0.0,611,,9.728446542023448,9.728446542023448,0.0,285,137,10,0,
gemma,G3,L2,align_sleep_pitch,goku,1,0.8,False,0.8,0.475,0.475,0.6666666666666666,1.0,0.0,0.3333333333333333,0.475,0.475,0.0,169,637.0,14.992514000012306,6.886005084001226,8.10650891601108,234,137,10,0,
gemma,G3,L2,align_sleep_pitch,makima,1,0.8,False,0.8,0.475,0.475,0.6666666666666666,1.0,0.0,0.3333333333333333,0.35,0.15,0.0,169,730.0,12.339542791014537,6.948226083011832,5.391316708002705,108,137,10,0,1.4905830030329525
gemma,G3_what_polluted,L2,align_sleep_pitch,goku,1,0.15,True,0.55,0.15,0.55,0.0,0.0,0.0,0.3333333333333333,0.475,0.475,0.0,545,637.0,15.584531417000107,7.617760875000386,7.966770541999722,234,137,10,0,1.9721670250874013
gemma,G3_what_polluted,L2,align_sleep_pitch,makima,1,0.15,True,0.55,0.15,0.55,0.0,0.0,0.0,0.3333333333333333,0.35,0.15,0.0,545,730.0,13.001080251007807,7.582696416997351,5.418383834010456,108,137,10,0,1.836917013861239
gemma,G0,L2,align_sleep_pitch,goku,2,0.15,True,0.675,0.15,0.475,0.0,0.0,0.0,0.3333333333333333,0.35,0.35,0.0,619,,9.844377707981039,9.844377707981039,0.0,355,137,10,0,1.9995839975308627
gemma,G0,L2,align_sleep_pitch,makima,2,0.15,True,0.35,0.15,0.15,0.0,0.0,0.0,0.0,0.15,0.15,0.0,611,,9.334715292003239,9.334715292003239,0.0,323,137,10,0,
gemma,G3,L2,align_sleep_pitch,goku,2,0.8,False,0.8,0.6,0.6,0.6666666666666666,1.0,0.0,0.6666666666666666,0.8,0.275,0.0,169,637.0,16.967187791975448,9.869191291974857,7.0979965000005905,203,137,10,0,
gemma,G3,L2,align_sleep_pitch,makima,2,0.8,False,0.8,0.6,0.6,0.6666666666666666,1.0,0.0,0.3333333333333333,0.3,0.3,0.3333333333333333,169,730.0,19.95265424999525,9.827216083009262,10.125438166985987,492,137,10,0,2.0077079825568944
gemma,G3_what_polluted,L2,align_sleep_pitch,goku,2,0.15,True,0.475,0.15,0.275,0.0,0.0,0.0,0.6666666666666666,0.8,0.275,0.0,545,637.0,13.189608291984769,6.16421962500317,7.025388666981598,203,137,10,0,1.7488749872427434
gemma,G3_what_polluted,L2,align_sleep_pitch,makima,2,0.15,True,0.475,0.15,0.275,0.0,0.0,0.0,0.3333333333333333,0.3,0.3,0.3333333333333333,545,730.0,16.631730042019626,6.158149584021885,10.473580457997741,492,137,10,0,1.741791988024488
gemma,G0,L2,align_sleep_pitch,goku,3,0.675,False,0.675,0.475,0.475,0.6666666666666666,0.5,0.0,0.0,0.15,0.15,0.0,619,,12.790217583009508,12.790217583009508,0.0,131,137,10,0,3.6625000066123903
gemma,G0,L2,align_sleep_pitch,makima,3,0.15,True,0.55,0.15,0.55,0.0,0.0,0.0,0.3333333333333333,0.35,0.35,0.0,611,,8.406983624998247,8.406983624998247,0.0,263,137,10,0,
gemma,G3,L2,align_sleep_pitch,goku,3,0.8,False,0.8,0.6,0.6,0.6666666666666666,1.0,0.0,0.6666666666666666,0.675,0.275,0.0,169,637.0,13.577466917020502,6.8495140000013635,6.727952917019138,225,137,10,0,
gemma,G3,L2,align_sleep_pitch,makima,3,0.8,False,0.8,0.6,0.6,0.6666666666666666,1.0,0.0,1.0,1.0,0.675,0.0,169,730.0,13.46000162497512,6.861923999997089,6.598077624978032,244,137,10,0,3.743333014426753
gemma,G3_what_polluted,L2,align_sleep_pitch,goku,3,0.475,False,0.875,0.275,0.675,0.3333333333333333,0.5,0.0,0.6666666666666666,0.675,0.275,0.0,545,637.0,16.109756082994863,9.357897042005789,6.751859040989075,225,137,10,0,1.3755410036537796
gemma,G3_what_polluted,L2,align_sleep_pitch,makima,3,0.475,False,0.875,0.275,0.675,0.3333333333333333,0.5,0.0,1.0,1.0,0.675,0.0,545,730.0,15.896683416998712,9.329617874987889,6.567065542010823,244,137,10,0,1.5572499833069742
gemma,G0,L2,align_sleep_pitch,goku,4,0.15,True,0.8,0.15,0.475,0.0,0.0,0.0,0.6666666666666666,0.8,0.475,0.0,619,,16.804408833006164,16.804408833006164,0.0,1115,137,10,0,1.5447080077137798
gemma,G0,L2,align_sleep_pitch,makima,4,0.15,True,0.675,0.15,0.275,0.0,0.0,0.0,0.6666666666666666,0.675,0.275,0.0,611,,8.951549666991923,8.951549666991923,0.0,337,137,10,0,
gemma,G3,L2,align_sleep_pitch,goku,4,0.8,False,0.8,0.675,0.675,0.6666666666666666,1.0,0.0,0.6666666666666666,0.8,0.8,0.0,169,637.0,16.360243832983542,7.512656999984756,8.847586832998786,342,137,10,0,
gemma,G3,L2,align_sleep_pitch,makima,4,0.8,False,0.8,0.675,0.675,0.6666666666666666,1.0,0.0,1.0,0.875,0.875,0.0,169,730.0,14.865675748995272,7.6243850410101,7.241290707985172,269,137,10,0,2.4312080058734864
gemma,G3_what_polluted,L2,align_sleep_pitch,goku,4,0.15,True,0.675,0.15,0.475,0.0,0.0,0.0,0.6666666666666666,0.8,0.8,0.0,545,637.0,16.655565332999686,7.825572333007585,8.8299929999921,342,137,10,0,1.8994999991264194
gemma,G3_what_polluted,L2,align_sleep_pitch,makima,4,0.15,True,0.675,0.15,0.475,0.0,0.0,0.0,1.0,0.875,0.875,0.0,545,730.0,15.049053082999308,7.746977083006641,7.302075999992667,269,137,10,0,1.9599589868448675
gemma,G0,L2,align_legal_token,goku,0,0.15,True,1.0,0.15,0.8,0.0,0.0,0.0,0.6666666666666666,0.8,0.8,0.0,491,,7.515431540989084,7.515431540989084,0.0,305,100,8,0,1.8685410032048821
gemma,G0,L2,align_legal_token,makima,0,0.15,True,0.6,0.15,0.6,0.0,0.0,0.0,0.3333333333333333,0.6,0.6,0.0,483,,8.033774750016164,8.033774750016164,0.0,500,100,8,0,
gemma,G3,L2,align_legal_token,goku,0,0.8,False,0.8,0.6,0.6,0.6666666666666666,1.0,0.0,0.0,0.15,0.15,0.0,165,541.0,13.442827709019184,8.66093766700942,4.781890042009763,131,100,8,0,
gemma,G3,L2,align_legal_token,makima,0,0.8,False,0.8,0.6,0.6,0.6666666666666666,1.0,0.0,0.3333333333333333,0.6,0.6,0.0,165,637.0,15.537890334031545,8.764111709024291,6.773778625007253,298,100,8,0,1.6014169959817082
gemma,G3_what_polluted,L2,align_legal_token,goku,0,0.15,True,0.275,0.15,0.275,0.0,0.0,0.0,0.0,0.15,0.15,0.0,429,541.0,9.771321832988178,5.027414457988925,4.743907374999253,131,100,8,0,2.100542013067752
gemma,G3_what_polluted,L2,align_legal_token,makima,0,0.15,True,0.275,0.15,0.275,0.0,0.0,0.0,0.3333333333333333,0.6,0.6,0.0,429,637.0,12.183683167968411,5.089739833987551,7.09394333398086,298,100,8,0,1.7617919947952032
gemma,G0,L2,align_legal_token,goku,1,0.15,True,1.0,0.15,1.0,0.0,0.0,0.0,1.0,1.0,1.0,0.0,491,,8.993566124991048,8.993566124991048,0.0,471,100,8,0,1.9174169865436852
gemma,G0,L2,align_legal_token,makima,1,0.15,True,0.8,0.15,1.0,0.0,0.0,0.0,0.6666666666666666,0.8,1.0,0.0,483,,8.316391250002198,8.316391250002198,0.0,429,100,8,0,
gemma,G3,L2,align_legal_token,goku,1,0.275,False,0.6,0.275,0.6,0.0,0.5,0.0,0.6666666666666666,0.675,0.55,0.0,165,541.0,13.674074625974754,8.797686208999949,4.876388416974805,151,100,8,0,
gemma,G3,L2,align_legal_token,makima,1,0.275,False,0.6,0.275,0.6,0.0,0.5,0.0,1.0,1.0,1.0,0.0,165,637.0,16.63334225100698,8.80535995902028,7.8279822919867,452,100,8,0,1.7510420002508909
gemma,G3_what_polluted,L2,align_legal_token,goku,1,0.15,True,0.475,0.15,0.275,0.0,0.0,0.0,0.6666666666666666,0.675,0.55,0.0,429,541.0,9.617056917981245,4.618550208979286,4.998506709001958,151,100,8,0,1.869542000349611
gemma,G3_what_polluted,L2,align_legal_token,makima,1,0.15,True,0.475,0.15,0.275,0.0,0.0,0.0,1.0,1.0,1.0,0.0,429,637.0,12.786236458021449,4.570595083001535,8.215641375019914,452,100,8,0,2.567374991485849
gemma,G0,L2,align_legal_token,goku,2,0.275,False,0.6,0.275,0.8,0.0,0.5,0.0,0.3333333333333333,0.6,0.8,0.0,491,,9.782794665981783,9.782794665981783,0.0,580,100,8,0,1.9928340043406934
gemma,G0,L2,align_legal_token,makima,2,0.15,True,0.8,0.15,0.6,0.0,0.0,0.0,0.3333333333333333,0.6,0.4,0.0,483,,9.076587374991504,9.076587374991504,0.0,270,100,8,0,
gemma,G3,L2,align_legal_token,goku,2,1.0,False,1.0,0.8,0.8,1.0,1.0,0.0,0.6666666666666666,0.8,0.675,0.0,165,541.0,14.140379541990114,7.7669995419855695,6.373380000004545,214,100,8,0,
gemma,G3,L2,align_legal_token,makima,2,1.0,False,1.0,0.8,0.8,1.0,1.0,0.0,0.3333333333333333,0.6,0.6,0.0,165,637.0,13.33447362598963,7.73018791701179,5.604285708977841,193,100,8,0,1.899208000395447
gemma,G3_what_polluted,L2,align_legal_token,goku,2,0.15,True,0.35,0.15,0.15,0.0,0.0,0.0,0.6666666666666666,0.8,0.675,0.0,429,541.0,11.313116542005446,4.728629999997793,6.584486542007653,214,100,8,0,1.703082991298288
gemma,G3_what_polluted,L2,align_legal_token,makima,2,0.15,True,0.35,0.15,0.15,0.0,0.0,0.0,0.3333333333333333,0.6,0.6,0.0,429,637.0,10.12184412498027,4.400538624991896,5.721305499988375,193,100,8,0,1.9170420127920806
gemma,G0,L2,align_legal_token,goku,3,0.15,True,0.8,0.15,1.0,0.0,0.0,0.0,0.6666666666666666,0.8,0.8,0.0,491,,8.281340707995696,8.281340707995696,0.0,338,100,8,0,6.572875019628555
gemma,G0,L2,align_legal_token,makima,3,0.15,True,0.6,0.15,0.8,0.0,0.0,0.0,0.3333333333333333,0.6,0.8,0.0,483,,5.670775957987644,5.670775957987644,0.0,246,100,8,0,
gemma,G3,L2,align_legal_token,goku,3,0.275,False,0.8,0.275,0.8,0.0,0.5,0.0,0.6666666666666666,0.55,0.35,0.0,165,541.0,12.833013958006632,7.581785916001536,5.251228042005096,209,100,8,0,
gemma,G3,L2,align_legal_token,makima,3,0.275,False,0.8,0.275,0.8,0.0,0.5,0.0,0.6666666666666666,0.675,0.475,0.0,165,637.0,13.171006250020582,7.614542708004592,5.55646354201599,173,100,8,0,1.5523339970968664
gemma,G3_what_polluted,L2,align_legal_token,goku,3,0.15,True,0.675,0.15,0.475,0.0,0.0,0.0,0.6666666666666666,0.55,0.35,0.0,429,541.0,10.320578167011263,5.02387354199891,5.296704625012353,209,100,8,0,2.169415995012969
gemma,G3_what_polluted,L2,align_legal_token,makima,3,0.15,True,0.675,0.15,0.475,0.0,0.0,0.0,0.6666666666666666,0.675,0.475,0.0,429,637.0,10.581087915983517,5.027659290994052,5.553428624989465,173,100,8,0,1.9069580012001097
gemma,G0,L2,align_legal_token,goku,4,0.15,True,0.8,0.15,0.8,0.0,0.0,0.0,0.3333333333333333,0.6,0.4,0.0,491,,6.706678332993761,6.706678332993761,0.0,191,100,8,0,1.9978329946752638
gemma,G0,L2,align_legal_token,makima,4,0.15,True,0.8,0.15,0.8,0.0,0.0,0.0,0.6666666666666666,0.8,0.8,0.0,483,,7.509051333006937,7.509051333006937,0.0,367,100,8,0,
gemma,G3,L2,align_legal_token,goku,4,0.6,False,0.8,0.6,0.8,0.3333333333333333,1.0,0.0,0.0,0.15,0.15,0.0,165,541.0,13.244817500002682,7.093165458005387,6.151652041997295,213,100,8,0,
gemma,G3,L2,align_legal_token,makima,4,0.6,False,0.8,0.6,0.8,0.3333333333333333,1.0,0.0,0.6666666666666666,0.675,0.475,0.0,165,637.0,12.157147250021808,6.807398375007324,5.349748875014484,167,100,8,0,3.3717919723130763
gemma,G3_what_polluted,L2,align_legal_token,goku,4,0.15,True,0.275,0.15,0.275,0.0,0.0,0.0,0.0,0.15,0.15,0.0,429,541.0,12.180886957998155,5.831247624999378,6.349639332998777,213,100,8,0,2.0122500136494637
gemma,G3_what_polluted,L2,align_legal_token,makima,4,0.15,True,0.275,0.15,0.275,0.0,0.0,0.0,0.6666666666666666,0.675,0.475,0.0,429,637.0,11.775484417012194,6.318406375008635,5.457078042003559,167,100,8,0,1.8772499752230942
gemma,G0,L3,align_sleep_pitch,goku,0,0.15,True,0.35,0.15,0.35,0.0,0.0,0.0,0.3333333333333333,0.35,0.35,0.0,1119,,10.637220666976646,10.637220666976646,0.0,339,2139,10,0,3.427999996347353
gemma,G0,L3,align_sleep_pitch,makima,0,0.15,True,0.15,0.15,0.15,0.0,0.0,0.0,0.0,0.15,0.15,0.0,1111,,10.52604154101573,10.52604154101573,0.0,370,2139,10,0,
gemma,G3,L3,align_sleep_pitch,goku,0,0.8,False,0.8,0.6,0.6,0.6666666666666666,1.0,0.0,0.0,0.15,0.15,0.0,169,1137.0,17.770324041019194,7.164516458025901,10.605807582993293,275,2139,10,0,
gemma,G3,L3,align_sleep_pitch,makima,0,0.8,False,0.8,0.6,0.6,0.6666666666666666,1.0,0.0,0.0,0.15,0.15,0.0,169,1230.0,17.219281083001988,8.023093458003132,9.196187624998856,183,2139,10,0,3.4320410049986094
gemma,G3_what_polluted,L3,align_sleep_pitch,goku,0,0.15,True,0.15,0.15,0.15,0.0,0.0,0.0,0.0,0.15,0.15,0.0,1045,1137.0,20.043029292020947,9.871475792024285,10.171553499996662,275,2139,10,0,2.429415995720774
gemma,G3_what_polluted,L3,align_sleep_pitch,makima,0,0.15,True,0.15,0.15,0.15,0.0,0.0,0.0,0.0,0.15,0.15,0.0,1045,1230.0,18.910215916024754,9.494591916009085,9.415624000015669,183,2139,10,0,1.8805419967975467
gemma,G0,L3,align_sleep_pitch,goku,1,0.15,True,0.35,0.15,0.15,0.0,0.0,0.0,0.3333333333333333,0.35,0.15,0.0,1119,,13.23919812499662,13.23919812499662,0.0,515,2139,10,0,2.202166011556983
gemma,G0,L3,align_sleep_pitch,makima,1,0.15,True,0.15,0.15,0.15,0.0,0.0,0.0,0.0,0.15,0.15,0.0,1111,,10.331592167000053,10.331592167000053,0.0,287,2139,10,0,
gemma,G3,L3,align_sleep_pitch,goku,1,0.8,False,0.8,0.475,0.475,0.6666666666666666,1.0,0.0,0.0,0.15,0.15,0.0,169,1137.0,17.862315416976344,7.963741374987876,9.898574041988468,236,2139,10,0,
gemma,G3,L3,align_sleep_pitch,makima,1,0.8,False,0.8,0.475,0.475,0.6666666666666666,1.0,0.0,0.3333333333333333,0.35,0.15,0.0,169,1230.0,17.25846129198908,7.158146708999993,10.100314582989085,239,2139,10,0,2.0202089799568057
gemma,G3_what_polluted,L3,align_sleep_pitch,goku,1,0.15,True,0.8,0.15,0.35,0.0,0.0,0.0,0.0,0.15,0.15,0.0,1045,1137.0,19.44490445801057,9.935155207989737,9.509749250020832,236,2139,10,0,3.3850420149974525
gemma,G3_what_polluted,L3,align_sleep_pitch,makima,1,0.15,True,0.8,0.15,0.35,0.0,0.0,0.0,0.3333333333333333,0.35,0.15,0.0,1045,1230.0,19.188923875015462,9.75468858401291,9.434235291002551,239,2139,10,0,2.306333975866437
gemma,G0,L3,align_sleep_pitch,goku,2,0.15,True,0.55,0.15,0.35,0.0,0.0,0.0,0.6666666666666666,0.55,0.35,0.0,1119,,11.128868166997563,11.128868166997563,0.0,359,2139,10,0,2.2632500040344894
gemma,G0,L3,align_sleep_pitch,makima,2,0.15,True,0.15,0.15,0.15,0.0,0.0,0.0,0.0,0.15,0.15,0.0,1111,,8.048555500019575,8.048555500019575,0.0,226,2139,10,0,
gemma,G3,L3,align_sleep_pitch,goku,2,0.8,False,0.8,0.6,0.6,0.6666666666666666,1.0,0.0,0.3333333333333333,0.475,0.275,0.0,169,1137.0,18.54315941699315,8.661412791989278,9.88174662500387,343,2139,10,0,
gemma,G3,L3,align_sleep_pitch,makima,2,0.8,False,0.8,0.6,0.6,0.6666666666666666,1.0,0.0,0.0,0.15,0.15,0.0,169,1230.0,15.754217331996188,8.538844666007208,7.21537266598898,122,2139,10,0,2.032707998296246
gemma,G3_what_polluted,L3,align_sleep_pitch,goku,2,0.15,True,0.475,0.15,0.15,0.0,0.0,0.0,0.3333333333333333,0.475,0.275,0.0,1045,1137.0,19.48857987500378,9.785229000000982,9.703350875002798,343,2139,10,0,1.9009160168934613
gemma,G3_what_polluted,L3,align_sleep_pitch,makima,2,0.15,True,0.475,0.15,0.15,0.0,0.0,0.0,0.0,0.15,0.15,0.0,1045,1230.0,17.428394542017486,9.953139125020243,7.475255416997243,122,2139,10,0,2.275500010000542
gemma,G0,L3,align_sleep_pitch,goku,3,0.15,True,0.55,0.15,0.55,0.0,0.0,0.0,0.6666666666666666,0.55,0.55,0.0,1119,,9.417375750024803,9.417375750024803,0.0,394,2139,10,0,1.9786249904427677
gemma,G0,L3,align_sleep_pitch,makima,3,0.15,True,0.35,0.15,0.15,0.0,0.0,0.0,0.3333333333333333,0.35,0.15,0.0,1111,,8.655966500024078,8.655966500024078,0.0,347,2139,10,0,
gemma,G3,L3,align_sleep_pitch,goku,3,0.8,False,0.8,0.6,0.6,0.6666666666666666,1.0,0.0,0.6666666666666666,0.675,0.275,0.0,169,1137.0,14.606411832995946,5.918378750007832,8.688033082988113,290,2139,10,0,
gemma,G3,L3,align_sleep_pitch,makima,3,0.8,False,0.8,0.6,0.6,0.6666666666666666,1.0,0.0,0.0,0.15,0.15,0.0,169,1230.0,13.566466125979787,5.9719504170061555,7.594515708973631,134,2139,10,0,1.9627920119091868
gemma,G3_what_polluted,L3,align_sleep_pitch,goku,3,0.15,True,0.35,0.15,0.35,0.0,0.0,0.0,0.6666666666666666,0.675,0.275,0.0,1045,1137.0,18.994974332978018,10.433971166989068,8.56100316598895,290,2139,10,0,2.0428329880815
gemma,G3_what_polluted,L3,align_sleep_pitch,makima,3,0.15,True,0.35,0.15,0.35,0.0,0.0,0.0,0.0,0.15,0.15,0.0,1045,1230.0,17.831851208000444,10.409120625001378,7.4227305829990655,134,2139,10,0,1.9910840201191604
gemma,G0,L3,align_sleep_pitch,goku,4,0.15,True,0.8,0.15,0.35,0.0,0.0,0.0,0.6666666666666666,0.8,0.35,0.0,1119,,10.516241542005446,10.516241542005446,0.0,488,2139,10,0,2.0092090126127005
gemma,G0,L3,align_sleep_pitch,makima,4,0.15,True,0.15,0.15,0.15,0.0,0.0,0.0,0.0,0.15,0.15,0.0,1111,,9.810242542007472,9.810242542007472,0.0,290,2139,10,0,
gemma,G3,L3,align_sleep_pitch,goku,4,0.8,False,0.8,0.675,0.675,0.6666666666666666,1.0,0.0,0.6666666666666666,0.675,0.675,0.0,169,1137.0,15.214035333017819,6.2365415829990525,8.977493750018766,302,2139,10,0,
gemma,G3,L3,align_sleep_pitch,makima,4,0.8,False,0.8,0.675,0.675,0.6666666666666666,1.0,0.0,0.0,0.15,0.15,0.0,169,1230.0,14.503589833009755,6.273884708003607,8.229705125006149,221,2139,10,0,2.095834002830088
gemma,G3_what_polluted,L3,align_sleep_pitch,goku,4,0.15,True,0.55,0.15,0.55,0.0,0.0,0.0,0.6666666666666666,0.675,0.675,0.0,1045,1137.0,17.368298584013246,8.440173417009646,8.9281251670036,302,2139,10,0,2.7647920069284737
gemma,G3_what_polluted,L3,align_sleep_pitch,makima,4,0.15,True,0.55,0.15,0.55,0.0,0.0,0.0,0.0,0.15,0.15,0.0,1045,1230.0,16.680073833966162,8.445657249976648,8.234416583989514,221,2139,10,0,2.104584011249244
gemma,G0,L3,align_legal_token,goku,0,0.15,True,0.8,0.15,0.6,0.0,0.0,0.0,0.6666666666666666,0.8,0.6,0.0,991,,9.149142582988134,9.149142582988134,0.0,405,2102,8,0,1.8537500000093132
gemma,G0,L3,align_legal_token,makima,0,0.15,True,0.6,0.15,0.4,0.0,0.0,0.0,0.3333333333333333,0.6,0.4,0.0,983,,8.920670249994146,8.920670249994146,0.0,478,2102,8,0,
gemma,G3,L3,align_legal_token,goku,0,0.8,False,0.8,0.6,0.6,0.6666666666666666,1.0,0.0,0.0,0.15,0.15,0.0,165,1041.0,15.736905332974857,7.220421582984272,8.516483749990584,276,2102,8,0,
gemma,G3,L3,align_legal_token,makima,0,0.8,False,0.8,0.6,0.6,0.6666666666666666,1.0,0.0,0.6666666666666666,0.8,0.6,0.0,165,1137.0,14.466433666995727,7.155641458986793,7.310792208008934,228,2102,8,0,1.9195830100215971
gemma,G3_what_polluted,L3,align_legal_token,goku,0,0.15,True,0.8,0.15,0.6,0.0,0.0,0.0,0.0,0.15,0.15,0.0,929,1041.0,15.491959041013615,6.926175083004637,8.565783958008979,276,2102,8,0,1.5746249991934747
gemma,G3_what_polluted,L3,align_legal_token,makima,0,0.15,True,0.8,0.15,0.6,0.0,0.0,0.0,0.6666666666666666,0.8,0.6,0.0,929,1137.0,14.253323751006974,6.938024959003087,7.315298792003887,228,2102,8,0,2.17179098399356
gemma,G0,L3,align_legal_token,goku,1,0.15,True,0.6,0.15,0.4,0.0,0.0,0.0,0.3333333333333333,0.6,0.4,0.0,991,,9.167291040997952,9.167291040997952,0.0,437,2102,8,0,2.276374987559393
gemma,G0,L3,align_legal_token,makima,1,0.15,True,0.6,0.15,0.8,0.0,0.0,0.0,0.3333333333333333,0.6,0.8,0.0,983,,7.808824292005738,7.808824292005738,0.0,345,2102,8,0,
gemma,G3,L3,align_legal_token,goku,1,0.275,False,0.6,0.275,0.6,0.0,0.5,0.0,1.0,0.875,0.675,0.0,165,1041.0,16.082152374990983,7.2769713339803275,8.805181041010655,382,2102,8,0,
gemma,G3,L3,align_legal_token,makima,1,0.275,False,0.6,0.275,0.6,0.0,0.5,0.0,0.3333333333333333,0.6,0.6,0.0,165,1137.0,15.762728748988593,8.085177708009724,7.677551040978869,286,2102,8,0,2.4192080018110573
gemma,G3_what_polluted,L3,align_legal_token,goku,1,0.15,True,0.675,0.15,0.675,0.0,0.0,0.0,1.0,0.875,0.675,0.0,929,1041.0,17.396028000017395,7.272695999999996,10.123332000017399,382,2102,8,0,2.1800829854328185
gemma,G3_what_polluted,L3,align_legal_token,makima,1,0.15,True,0.675,0.15,0.675,0.0,0.0,0.0,0.3333333333333333,0.6,0.6,0.0,929,1137.0,16.089627167006256,8.141508542001247,7.948118625005009,286,2102,8,0,1.8018340051639825
gemma,G0,L3,align_legal_token,goku,2,0.15,True,0.8,0.15,0.8,0.0,0.0,0.0,0.6666666666666666,0.8,0.8,0.0,991,,8.669120499980636,8.669120499980636,0.0,343,2102,8,0,2.1141670003999025
gemma,G0,L3,align_legal_token,makima,2,0.15,True,0.6,0.15,0.6,0.0,0.0,0.0,0.3333333333333333,0.6,0.6,0.0,983,,8.541754292004043,8.541754292004043,0.0,369,2102,8,0,
gemma,G3,L3,align_legal_token,goku,2,1.0,False,1.0,0.8,0.8,1.0,1.0,0.0,0.0,0.15,0.15,0.0,165,1041.0,15.06633262403193,6.737709041015478,8.328623583016451,277,2102,8,0,
gemma,G3,L3,align_legal_token,makima,2,1.0,False,1.0,0.8,0.8,1.0,1.0,0.0,1.0,1.0,0.8,0.0,165,1137.0,15.300308625010075,6.673217458999716,8.62709116601036,372,2102,8,0,2.1249580022413284
gemma,G3_what_polluted,L3,align_legal_token,goku,2,0.15,True,0.8,0.15,0.8,0.0,0.0,0.0,0.0,0.15,0.15,0.0,929,1041.0,16.124709167022957,7.798945917020319,8.325763250002638,277,2102,8,0,2.22491699969396
gemma,G3_what_polluted,L3,align_legal_token,makima,2,0.15,True,0.8,0.15,0.8,0.0,0.0,0.0,1.0,1.0,0.8,0.0,929,1137.0,16.388442625000607,7.744710833008867,8.64373179199174,372,2102,8,0,2.6326249935664237
gemma,G0,L3,align_legal_token,goku,3,0.15,True,0.6,0.15,0.6,0.0,0.0,0.0,0.3333333333333333,0.6,0.6,0.0,991,,9.560145499999635,9.560145499999635,0.0,420,2102,8,0,2.5184999976772815
gemma,G0,L3,align_legal_token,makima,3,0.15,True,0.8,0.15,0.6,0.0,0.0,0.0,0.6666666666666666,0.8,0.6,0.0,983,,8.295622999983607,8.295622999983607,0.0,386,2102,8,0,
gemma,G3,L3,align_legal_token,goku,3,0.275,False,0.8,0.275,0.8,0.0,0.5,0.0,0.6666666666666666,0.675,0.675,0.0,165,1041.0,19.37010304199066,6.610867583978688,12.759235458011972,489,2102,8,0,
gemma,G3,L3,align_legal_token,makima,3,0.275,False,0.8,0.275,0.8,0.0,0.5,0.0,0.6666666666666666,0.8,0.8,0.0,165,1137.0,17.246563083986985,6.664506708999397,10.582056374987587,466,2102,8,0,1.6803339822217822
gemma,G3_what_polluted,L3,align_legal_token,goku,3,0.15,True,0.675,0.15,0.55,0.0,0.0,0.0,0.6666666666666666,0.675,0.675,0.0,929,1041.0,19.659662457968807,6.940517999988515,12.719144457980292,489,2102,8,0,1.9113750022370368
gemma,G3_what_polluted,L3,align_legal_token,makima,3,0.15,True,0.675,0.15,0.55,0.0,0.0,0.0,0.6666666666666666,0.8,0.8,0.0,929,1137.0,17.549184292001883,6.937388749996899,10.611795542004984,466,2102,8,0,1.6617089859209955
gemma,G0,L3,align_legal_token,goku,4,0.15,True,0.6,0.15,0.6,0.0,0.0,0.0,0.3333333333333333,0.6,0.6,0.0,991,,12.453147666994482,12.453147666994482,0.0,762,2102,8,0,2.289625001139939
gemma,G0,L3,align_legal_token,makima,4,0.15,True,0.6,0.15,0.6,0.0,0.0,0.0,0.3333333333333333,0.6,0.6,0.0,983,,7.921419708989561,7.921419708989561,0.0,324,2102,8,0,
gemma,G3,L3,align_legal_token,goku,4,0.6,False,0.8,0.6,0.8,0.3333333333333333,1.0,0.0,0.3333333333333333,0.35,0.35,0.0,165,1041.0,14.35370433301432,5.838457166013541,8.51524716700078,278,2102,8,0,
gemma,G3,L3,align_legal_token,makima,4,0.6,False,0.8,0.6,0.8,0.3333333333333333,1.0,0.0,0.3333333333333333,0.6,0.6,0.0,165,1137.0,15.683334124012617,6.105415541009279,9.577918583003338,409,2102,8,0,2.226291981060058
gemma,G3_what_polluted,L3,align_legal_token,goku,4,0.15,True,0.6,0.15,0.8,0.0,0.0,0.0,0.3333333333333333,0.35,0.35,0.0,929,1041.0,15.87577379096183,7.359677832981106,8.516095957980724,278,2102,8,0,2.5711249909363687
gemma,G3_what_polluted,L3,align_legal_token,makima,4,0.15,True,0.6,0.15,0.8,0.0,0.0,0.0,0.3333333333333333,0.6,0.6,0.0,929,1137.0,16.893233500013594,7.3358609580027405,9.557372542010853,409,2102,8,0,1.987958006793633
gemma,G0,L4,align_sleep_pitch,goku,0,0.15,True,0.15,0.15,0.15,0.0,0.0,0.0,0.0,0.15,0.15,0.0,1345,,9.579234208009439,9.579234208009439,0.0,278,2139,10,796,2.217083005234599
gemma,G0,L4,align_sleep_pitch,makima,0,0.15,True,0.35,0.15,0.15,0.0,0.0,0.0,0.3333333333333333,0.35,0.15,0.0,1285,,8.186496459005866,8.186496459005866,0.0,181,2139,10,616,
gemma,G3,L4,align_sleep_pitch,goku,0,0.8,False,0.8,0.6,0.6,0.6666666666666666,1.0,0.0,0.3333333333333333,0.35,0.15,0.0,169,1363.0,17.437884541985113,6.2290236669941805,11.208860874990933,192,2139,10,796,
gemma,G3,L4,align_sleep_pitch,makima,0,0.8,False,0.8,0.6,0.6,0.6666666666666666,1.0,0.0,0.3333333333333333,0.35,0.35,0.0,169,1404.0,15.801328458997887,6.249916000000667,9.55141245899722,260,2139,10,616,2.0768340036738664
gemma,G3_what_polluted,L4,align_sleep_pitch,goku,0,0.15,True,0.35,0.15,0.15,0.0,0.0,0.0,0.3333333333333333,0.35,0.15,0.0,1271,1363.0,21.183298624993768,9.837430499988841,11.345868125004927,192,2139,10,796,1.8419999978505075
gemma,G3_what_polluted,L4,align_sleep_pitch,makima,0,0.15,True,0.15,0.15,0.15,0.0,0.0,0.0,0.3333333333333333,0.35,0.35,0.0,1219,1404.0,20.078701123973588,10.296307540993439,9.782393582980148,260,2139,10,616,1.9063749932684004
gemma,G0,L4,align_sleep_pitch,goku,1,0.15,True,0.35,0.15,0.15,0.0,0.0,0.0,0.3333333333333333,0.35,0.15,0.0,1345,,9.75288066698704,9.75288066698704,0.0,272,2139,10,796,2.0707919902633876
gemma,G0,L4,align_sleep_pitch,makima,1,0.15,True,0.15,0.15,0.15,0.0,0.0,0.0,0.0,0.15,0.15,0.0,1285,,8.950977500004228,8.950977500004228,0.0,273,2139,10,616,
gemma,G3,L4,align_sleep_pitch,goku,1,0.8,False,0.8,0.475,0.475,0.6666666666666666,1.0,0.0,0.6666666666666666,0.675,0.35,0.0,169,1363.0,15.090785416017752,5.809411499998532,9.28137391601922,215,2139,10,796,
gemma,G3,L4,align_sleep_pitch,makima,1,0.8,False,0.8,0.475,0.475,0.6666666666666666,1.0,0.0,0.3333333333333333,0.35,0.15,0.0,169,1404.0,15.827926875004778,6.192244125006255,9.635682749998523,197,2139,10,616,1.55608297791332
gemma,G3_what_polluted,L4,align_sleep_pitch,goku,1,0.15,True,1.0,0.15,0.55,0.0,0.0,0.0,0.6666666666666666,0.675,0.35,0.0,1271,1363.0,20.564245415996993,9.3075765829999,11.256668832997093,215,2139,10,796,1.5565000066999346
gemma,G3_what_polluted,L4,align_sleep_pitch,makima,1,0.15,True,0.15,0.15,0.15,0.0,0.0,0.0,0.3333333333333333,0.35,0.15,0.0,1219,1404.0,18.676831207994837,9.204889790999005,9.471941416995833,197,2139,10,616,1.5793750062584877
gemma,G0,L4,align_sleep_pitch,goku,2,0.15,True,0.55,0.15,0.55,0.0,0.0,0.0,0.6666666666666666,0.55,0.55,0.0,1345,,10.606480750022456,10.606480750022456,0.0,334,2139,10,796,1.8810000037774444
gemma,G0,L4,align_sleep_pitch,makima,2,0.15,True,0.35,0.15,0.15,0.0,0.0,0.0,0.3333333333333333,0.35,0.15,0.0,1285,,9.265120666997973,9.265120666997973,0.0,318,2139,10,616,
gemma,G3,L4,align_sleep_pitch,goku,2,0.8,False,0.8,0.6,0.6,0.6666666666666666,1.0,0.0,1.0,0.875,0.875,0.0,169,1363.0,18.64758029198856,8.3744362090074,10.273144082981162,276,2139,10,796,
gemma,G3,L4,align_sleep_pitch,makima,2,0.8,False,0.8,0.6,0.6,0.6666666666666666,1.0,0.0,0.0,0.15,0.15,0.0,169,1404.0,17.56999116699444,8.481894249998732,9.08809691699571,207,2139,10,616,1.9760839932132512
gemma,G3_what_polluted,L4,align_sleep_pitch,goku,2,0.15,True,0.15,0.15,0.15,0.0,0.0,0.0,1.0,0.875,0.875,0.0,1271,1363.0,20.316071123990696,10.106825333001325,10.209245790989371,276,2139,10,796,2.021834021434188
gemma,G3_what_polluted,L4,align_sleep_pitch,makima,2,0.15,True,0.15,0.15,0.15,0.0,0.0,0.0,0.0,0.15,0.15,0.0,1219,1404.0,18.134913375979522,9.185259166988544,8.949654208990978,207,2139,10,616,2.2965420212130994
gemma,G0,L4,align_sleep_pitch,goku,3,0.15,True,0.475,0.15,0.275,0.0,0.0,0.0,0.3333333333333333,0.475,0.275,0.0,1345,,10.552432708005654,10.552432708005654,0.0,352,2139,10,796,2.08304199622944
gemma,G0,L4,align_sleep_pitch,makima,3,0.15,True,0.35,0.15,0.15,0.0,0.0,0.0,0.3333333333333333,0.35,0.15,0.0,1285,,8.993807207996724,8.993807207996724,0.0,267,2139,10,616,
gemma,G3,L4,align_sleep_pitch,goku,3,0.8,False,0.8,0.6,0.6,0.6666666666666666,1.0,0.0,0.6666666666666666,0.675,0.475,0.0,169,1363.0,15.451100292004412,5.8612972919945605,9.589803000009852,220,2139,10,796,
gemma,G3,L4,align_sleep_pitch,makima,3,0.8,False,0.8,0.6,0.6,0.6666666666666666,1.0,0.0,0.3333333333333333,0.35,0.15,0.0,169,1404.0,14.983997375995386,6.068890416994691,8.915106959000695,193,2139,10,616,2.2126249969005585
gemma,G3_what_polluted,L4,align_sleep_pitch,goku,3,0.15,True,0.475,0.15,0.275,0.0,0.0,0.0,0.6666666666666666,0.675,0.475,0.0,1271,1363.0,19.66200287497486,10.154841957992176,9.507160916982684,220,2139,10,796,1.9842920009978116
gemma,G3_what_polluted,L4,align_sleep_pitch,makima,3,0.15,True,0.35,0.15,0.35,0.0,0.0,0.0,0.3333333333333333,0.35,0.15,0.0,1219,1404.0,18.914014375011902,9.908018000016455,9.005996374995448,193,2139,10,616,2.0794160082004964
gemma,G0,L4,align_sleep_pitch,goku,4,0.15,True,0.35,0.15,0.35,0.0,0.0,0.0,0.3333333333333333,0.35,0.35,0.0,1345,,10.972691167000448,10.972691167000448,0.0,416,2139,10,796,1.9764579774346203
gemma,G0,L4,align_sleep_pitch,makima,4,0.15,True,0.35,0.15,0.15,0.0,0.0,0.0,0.3333333333333333,0.35,0.15,0.0,1285,,9.295160374982515,9.295160374982515,0.0,290,2139,10,616,
gemma,G3,L4,align_sleep_pitch,goku,4,0.8,False,0.8,0.675,0.675,0.6666666666666666,1.0,0.0,0.3333333333333333,0.35,0.35,0.0,169,1363.0,15.143863250035793,6.430052875017282,8.713810375018511,158,2139,10,796,
gemma,G3,L4,align_sleep_pitch,makima,4,0.8,False,0.8,0.675,0.675,0.6666666666666666,1.0,0.0,0.6666666666666666,0.675,0.275,0.0,169,1404.0,15.486257165990537,6.422620249999454,9.063636915991083,235,2139,10,616,2.2712500067427754
gemma,G3_what_polluted,L4,align_sleep_pitch,goku,4,0.15,True,0.55,0.15,0.55,0.0,0.0,0.0,0.3333333333333333,0.35,0.35,0.0,1271,1363.0,18.145198708982207,9.410015417000977,8.73518329198123,158,2139,10,796,2.240166999399662
gemma,G3_what_polluted,L4,align_sleep_pitch,makima,4,0.15,True,0.675,0.15,0.475,0.0,0.0,0.0,0.6666666666666666,0.675,0.275,0.0,1219,1404.0,19.67436537600588,10.588667667005211,9.08569770900067,235,2139,10,616,1.382416026899591
gemma,G0,L4,align_legal_token,goku,0,0.15,True,0.6,0.15,0.8,0.0,0.0,0.0,0.3333333333333333,0.6,0.8,0.0,1217,,9.56201525000506,9.56201525000506,0.0,367,2102,8,796,1.9656250078696758
gemma,G0,L4,align_legal_token,makima,0,0.15,True,0.8,0.15,0.6,0.0,0.0,0.0,0.6666666666666666,0.8,0.6,0.0,1157,,8.483876709011383,8.483876709011383,0.0,297,2102,8,616,
gemma,G3,L4,align_legal_token,goku,0,0.8,False,0.8,0.6,0.6,0.6666666666666666,1.0,0.0,0.3333333333333333,0.475,0.675,0.0,165,1267.0,16.43397849999019,7.398805250006262,9.035173249983927,281,2102,8,796,
gemma,G3,L4,align_legal_token,makima,0,0.8,False,0.8,0.6,0.6,0.6666666666666666,1.0,0.0,0.3333333333333333,0.475,0.675,0.0,165,1311.0,17.45266941699083,8.153183999995235,9.299485416995594,261,2102,8,616,2.2565830149687827
gemma,G3_what_polluted,L4,align_legal_token,goku,0,0.15,True,0.8,0.15,0.6,0.0,0.0,0.0,0.3333333333333333,0.475,0.675,0.0,1155,1267.0,16.97515154199209,7.910996999999043,9.064154541993048,281,2102,8,796,2.062166022369638
gemma,G3_what_polluted,L4,align_legal_token,makima,0,0.15,True,0.15,0.15,0.15,0.0,0.0,0.0,0.3333333333333333,0.475,0.675,0.0,1103,1311.0,14.725847791036358,6.172430458012968,8.55341733302339,261,2102,8,616,1.9757910049520433
gemma,G0,L4,align_legal_token,goku,1,0.15,True,0.8,0.15,0.8,0.0,0.0,0.0,0.6666666666666666,0.8,0.8,0.0,1217,,9.28260604199022,9.28260604199022,0.0,316,2102,8,796,2.3875419865362346
gemma,G0,L4,align_legal_token,makima,1,0.15,True,0.6,0.15,0.6,0.0,0.0,0.0,0.3333333333333333,0.6,0.6,0.0,1157,,9.45980966600473,9.45980966600473,0.0,385,2102,8,616,
gemma,G3,L4,align_legal_token,goku,1,0.275,False,0.6,0.275,0.6,0.0,0.5,0.0,0.0,0.275,0.475,0.0,165,1267.0,17.035360375972232,7.523485958983656,9.511874416988576,305,2102,8,796,
gemma,G3,L4,align_legal_token,makima,1,0.275,False,0.6,0.275,0.6,0.0,0.5,0.0,0.6666666666666666,0.8,0.8,0.0,165,1311.0,16.834233499976108,7.5516088329895865,9.282624666986521,319,2102,8,616,2.200290997279808
gemma,G3_what_polluted,L4,align_legal_token,goku,1,0.15,True,1.0,0.15,0.8,0.0,0.0,0.0,0.0,0.275,0.475,0.0,1155,1267.0,18.715740541985724,9.346579042001395,9.36916149998433,305,2102,8,796,2.8477919986471534
gemma,G3_what_polluted,L4,align_legal_token,makima,1,0.15,True,0.8,0.15,0.6,0.0,0.0,0.0,0.6666666666666666,0.8,0.8,0.0,1103,1311.0,17.68781466697692,8.097158041986404,9.590656624990515,319,2102,8,616,2.1112500107847154
gemma,G0,L4,align_legal_token,goku,2,0.15,True,0.6,0.15,0.8,0.0,0.0,0.0,0.3333333333333333,0.6,0.8,0.0,1217,,11.036776958004339,11.036776958004339,0.0,439,2102,8,796,2.342541003599763
gemma,G0,L4,align_legal_token,makima,2,0.15,True,0.6,0.15,0.8,0.0,0.0,0.0,0.3333333333333333,0.6,0.8,0.0,1157,,9.681528334011091,9.681528334011091,0.0,379,2102,8,616,
gemma,G3,L4,align_legal_token,goku,2,1.0,False,1.0,0.8,0.8,1.0,1.0,0.0,0.3333333333333333,0.475,0.675,0.0,165,1267.0,15.491052083991235,6.852158624998992,8.638893458992243,199,2102,8,796,
gemma,G3,L4,align_legal_token,makima,2,1.0,False,1.0,0.8,0.8,1.0,1.0,0.0,1.0,1.0,1.0,0.0,165,1311.0,17.23468487500213,7.443886124994606,9.790798750007525,325,2102,8,616,2.2200829989742488
gemma,G3_what_polluted,L4,align_legal_token,goku,2,0.15,True,0.8,0.15,0.4,0.0,0.0,0.0,0.3333333333333333,0.475,0.675,0.0,1155,1267.0,16.272167916991748,7.939597624994349,8.3325702919974,199,2102,8,796,3.158416977385059
gemma,G3_what_polluted,L4,align_legal_token,makima,2,0.15,True,0.8,0.15,0.6,0.0,0.0,0.0,1.0,1.0,1.0,0.0,1103,1311.0,16.735462750017177,7.744234292011242,8.991228458005935,325,2102,8,616,1.8462500011082739
gemma,G0,L4,align_legal_token,goku,3,0.15,True,0.275,0.15,0.475,0.0,0.0,0.0,0.0,0.275,0.475,0.0,1217,,10.228984999994282,10.228984999994282,0.0,377,2102,8,796,2.5477500166743994
gemma,G0,L4,align_legal_token,makima,3,0.15,True,0.6,0.15,0.4,0.0,0.0,0.0,0.3333333333333333,0.6,0.4,0.0,1157,,9.39396200000192,9.39396200000192,0.0,288,2102,8,616,
gemma,G3,L4,align_legal_token,goku,3,0.275,False,0.8,0.275,0.8,0.0,0.5,0.0,0.3333333333333333,0.35,0.35,0.0,165,1267.0,15.19983591599157,6.9631882079993375,8.236647707992233,175,2102,8,796,
gemma,G3,L4,align_legal_token,makima,3,0.275,False,0.8,0.275,0.8,0.0,0.5,0.0,1.0,1.0,1.0,0.0,165,1311.0,16.3700056670059,6.564235792000545,9.805769875005353,367,2102,8,616,1.9615410128608346
gemma,G3_what_polluted,L4,align_legal_token,goku,3,0.15,True,0.8,0.15,0.8,0.0,0.0,0.0,0.3333333333333333,0.35,0.35,0.0,1155,1267.0,50.78814170899568,37.560372499981895,13.227769209013786,175,2102,8,796,2.4901250144466758
gemma,G3_what_polluted,L4,align_legal_token,makima,3,0.15,True,0.275,0.15,0.275,0.0,0.0,0.0,1.0,1.0,1.0,0.0,1103,1311.0,21.17716291695251,9.31783999997424,11.859322916978272,367,2102,8,616,1.7797079926822335
gemma,G0,L4,align_legal_token,goku,4,0.15,True,0.475,0.15,0.275,0.0,0.0,0.0,0.3333333333333333,0.475,0.275,0.0,1217,,14.478359500004444,14.478359500004444,0.0,419,2102,8,796,2.1439589909277856
gemma,G0,L4,align_legal_token,makima,4,0.15,True,0.6,0.15,0.6,0.0,0.0,0.0,0.3333333333333333,0.6,0.6,0.0,1157,,10.660998790990561,10.660998790990561,0.0,459,2102,8,616,
gemma,G3,L4,align_legal_token,goku,4,0.6,False,0.8,0.6,0.8,0.3333333333333333,1.0,0.0,0.6666666666666666,0.55,0.35,0.0,165,1267.0,17.27228558398201,7.317880791990319,9.954404791991692,170,2102,8,796,
gemma,G3,L4,align_legal_token,makima,4,0.6,False,0.8,0.6,0.8,0.3333333333333333,1.0,0.0,0.6666666666666666,0.8,0.6,0.0,165,1311.0,15.057278083026176,7.1000537920044735,7.957224291021703,168,2102,8,616,3.825666004559025
gemma,G3_what_polluted,L4,align_legal_token,goku,4,0.15,True,1.0,0.15,0.8,0.0,0.0,0.0,0.6666666666666666,0.55,0.35,0.0,1155,1267.0,16.337977042014245,8.212648250017082,8.125328791997163,170,2102,8,796,1.6122500237543136
gemma,G3_what_polluted,L4,align_legal_token,makima,4,0.15,True,0.6,0.15,0.4,0.0,0.0,0.0,0.6666666666666666,0.8,0.6,0.0,1103,1311.0,14.938739624019945,7.138222958019469,7.800516666000476,168,2102,8,616,3.581124998163432
