base,arm,level,n,fail_k,fail_rate,fail_lo,fail_hi,raw_mean,raw_lo,raw_hi,raw_sd,speech_mean,speech_lo,speech_hi,speech_sd,howcov_mean,howcov_lo,howcov_hi,action_mean,concept_mean,forb_mean,strict_mean,strict_raw_mean,speech_strict_mean,speech_forb_mean
llama,G0,L0,20,0,0.0,-1.3877787807814457e-17,0.16113012549493322,0.77875,0.7025000000000001,0.8512500000000001,0.17154004442725687,0.6125,0.52125,0.6975,0.2065538033641853,0.4999999999999999,0.3833333333333333,0.6166666666666665,0.5833333333333334,0.675,0.0,0.57375,0.6975000000000001,0.5700000000000001,0.0
llama,G0,L2,20,5,0.25,0.11186005278940309,0.4687050099580636,0.7125000000000001,0.6274687500000001,0.7900312499999999,0.19339419792091408,0.52375,0.42000000000000004,0.6262500000000001,0.24339633587174128,0.4666666666666666,0.33333333333333337,0.5833333333333333,0.33333333333333337,0.4,0.0,0.40125,0.6137500000000002,0.4837500000000001,0.0
llama,G0,L3,20,16,0.8,0.5839782779742401,0.9193436467288,0.32750000000000007,0.22625000000000006,0.44250000000000006,0.2506439076080898,0.2687500000000001,0.195,0.35750000000000004,0.19362793268480014,0.08333333333333333,0.0,0.18333333333333332,0.08333333333333333,0.075,0.0,0.20875,0.3212500000000001,0.2587500000000001,0.0
llama,G0,L4,20,19,0.95,0.7638641064874331,0.9911187805671268,0.3800000000000001,0.26625000000000004,0.5112500000000001,0.290824598974057,0.3375000000000001,0.24125000000000005,0.45375000000000015,0.2501972905739115,0.16666666666666666,0.05,0.31666666666666665,0.0,0.0,0.0,0.14999999999999997,0.3075000000000001,0.2975000000000001,0.0
llama,G3,L0,20,0,0.0,-1.3877787807814457e-17,0.16113012549493322,0.6549999999999999,0.6237499999999999,0.69125,0.08013147091860322,0.68,0.5425,0.80625,0.3110466202999158,0.6333333333333333,0.4666666666666666,0.8,0.4666666666666668,0.9,0.0,0.5225,0.5225,0.5987500000000001,0.0
llama,G3,L2,20,0,0.0,-1.3877787807814457e-17,0.16113012549493322,0.6549999999999999,0.6237499999999999,0.69125,0.08013147091860322,0.7825,0.6875000000000001,0.8675312499999996,0.2133843825982635,0.7833333333333333,0.6333333333333333,0.9166666666666666,0.4666666666666668,0.9,0.0,0.5225,0.5225,0.7100000000000001,0.0
llama,G3,L3,20,0,0.0,-1.3877787807814457e-17,0.16113012549493322,0.6549999999999999,0.6224999999999999,0.6925000000000001,0.08013147091860322,0.4487500000000001,0.31500000000000006,0.5887500000000001,0.3213330580729694,0.3833333333333333,0.21666666666666665,0.5666666666666665,0.4666666666666668,0.9,0.0,0.5225,0.5225,0.39250000000000007,0.0
llama,G3,L4,20,0,0.0,-1.3877787807814457e-17,0.16113012549493322,0.6549999999999999,0.6237499999999999,0.6912499999999999,0.08013147091860322,0.635,0.5199687500000001,0.7437812499999997,0.26524566567221175,0.6,0.45,0.7333333333333333,0.4666666666666668,0.9,0.0,0.5225,0.5225,0.48250000000000004,0.0
llama,G3_what_polluted,L0,20,0,0.0,-1.3877787807814457e-17,0.16113012549493322,0.6549999999999999,0.6237499999999999,0.6912499999999999,0.08013147091860322,0.68,0.54125,0.8087500000000001,0.3110466202999158,0.6333333333333333,0.4666666666666666,0.8,0.4666666666666668,0.9,0.0,0.5225,0.5225,0.5987500000000001,0.0
llama,G3_what_polluted,L2,20,0,0.0,-1.3877787807814457e-17,0.16113012549493322,0.8175000000000001,0.7675000000000002,0.8700000000000001,0.11923550336689946,0.7825,0.68625,0.8675,0.2133843825982635,0.7833333333333333,0.6333333333333333,0.9166666666666666,0.7666666666666666,0.75,0.0,0.7375000000000002,0.7575000000000002,0.7100000000000001,0.0
llama,G3_what_polluted,L3,20,4,0.2,0.0806563532712,0.41602172202575993,0.6775000000000001,0.5737500000000001,0.7650000000000001,0.22226406769757834,0.4487500000000001,0.315,0.5874999999999999,0.3213330580729694,0.3833333333333333,0.21666666666666665,0.55,0.4,0.5,0.0,0.43000000000000005,0.5475000000000001,0.39250000000000007,0.0
llama,G3_what_polluted,L4,20,3,0.15,0.05236779195949584,0.36042329588695743,0.6625,0.5575000000000001,0.7550000000000002,0.2347310891435694,0.635,0.5162500000000001,0.7450000000000001,0.26524566567221175,0.6,0.4499999999999999,0.7499999999999999,0.5,0.8,0.0,0.5875000000000001,0.60375,0.48250000000000004,0.0
gemma,G0,L0,20,1,0.05,0.008881219432873136,0.23613589351256675,0.73125,0.6749999999999999,0.785,0.13225647929606124,0.595,0.50375,0.6825,0.21175954586076612,0.45,0.35,0.5499999999999998,0.33333333333333326,0.55,0.0,0.375,0.61625,0.48625000000000007,0.0
gemma,G0,L2,20,17,0.85,0.6395767041130426,0.9476322080405041,0.69125,0.6087500000000001,0.7687500000000002,0.18922887144797354,0.5825,0.47250000000000003,0.6875000000000001,0.251325433818805,0.45,0.3333333333333333,0.5666666666666667,0.06666666666666667,0.075,0.0,0.18874999999999997,0.6125,0.5037500000000001,0.0
gemma,G0,L3,20,20,1.0,0.8388698745050667,1.0,0.5075,0.41,0.605,0.2284242359710269,0.5075,0.41,0.6,0.2284242359710269,0.3666666666666666,0.2666666666666666,0.4666666666666667,0.0,0.0,0.0,0.14999999999999997,0.42499999999999993,0.42499999999999993,0.0
gemma,G0,L4,20,20,1.0,0.8388698745050667,1.0,0.4687499999999999,0.38999999999999996,0.54875,0.18564875578984036,0.4687499999999999,0.39,0.55,0.18564875578984036,0.33333333333333326,0.24999999999999994,0.41666666666666663,0.0,0.0,0.0,0.14999999999999997,0.41875,0.41875,0.0
gemma,G3,L0,20,0,0.0,-1.3877787807814457e-17,0.16113012549493322,0.8000000000000002,0.76,0.8400000000000002,0.09176629354822471,0.50875,0.35625000000000007,0.665,0.3665517662874114,0.4,0.21666666666666665,0.5999999999999999,0.5333333333333334,0.9,0.0,0.55,0.655,0.38125000000000003,0.0
gemma,G3,L2,20,0,0.0,-1.3877787807814457e-17,0.16113012549493322,0.8000000000000002,0.76,0.8400000000000002,0.09176629354822471,0.6575000000000002,0.54246875,0.7675000000000001,0.2682913773454054,0.5999999999999999,0.4666666666666666,0.7333333333333333,0.5333333333333334,0.9,0.0,0.55,0.655,0.5199999999999999,0.016666666666666666
gemma,G3,L3,20,0,0.0,-1.3877787807814457e-17,0.16113012549493322,0.8000000000000002,0.76,0.8400000000000002,0.09176629354822471,0.45375,0.33,0.5800000000000001,0.2960568713146709,0.35,0.2,0.4999999999999999,0.5333333333333334,0.9,0.0,0.55,0.655,0.3837499999999999,0.0
gemma,G3,L4,20,0,0.0,-1.3877787807814457e-17,0.16113012549493322,0.8000000000000002,0.76,0.8400000000000002,0.09176629354822471,0.55,0.44875,0.6562812499999997,0.24868072957742002,0.49999999999999983,0.38333333333333325,0.6333333333333332,0.5333333333333334,0.9,0.0,0.55,0.655,0.4937499999999999,0.0
gemma,G3_what_polluted,L0,20,0,0.0,-1.3877787807814457e-17,0.16113012549493322,0.8000000000000002,0.76,0.8400000000000002,0.09176629354822471,0.50875,0.3550000000000001,0.66625,0.3665517662874114,0.4,0.21666666666666665,0.5833333333333333,0.5333333333333334,0.9,0.0,0.55,0.655,0.38125000000000003,0.0
gemma,G3_what_polluted,L2,20,18,0.9,0.6989617935882066,0.9721341060158468,0.5625000000000001,0.46125000000000005,0.6649999999999999,0.23848480035423644,0.6575000000000002,0.54125,0.7675312499999998,0.2682913773454054,0.5999999999999999,0.4666666666666666,0.7333333333333333,0.03333333333333333,0.05,0.0,0.1625,0.3975,0.5199999999999999,0.016666666666666666
gemma,G3_what_polluted,L3,20,20,1.0,0.8388698745050667,1.0,0.5875,0.49496874999999996,0.6725000000000001,0.2084561041764454,0.45375,0.32875000000000004,0.5800000000000001,0.2960568713146709,0.35,0.21666666666666665,0.5,0.0,0.0,0.0,0.14999999999999997,0.49750000000000005,0.3837499999999999,0.0
gemma,G3_what_polluted,L4,20,20,1.0,0.8388698745050667,1.0,0.5512500000000001,0.41500000000000004,0.6837812499999997,0.3161731495973619,0.55,0.4499999999999999,0.6562500000000001,0.24868072957742002,0.49999999999999983,0.3829166666666669,0.6333333333333332,0.0,0.0,0.0,0.14999999999999997,0.41875,0.4937499999999999,0.0
