base,arm,level,n,mean,sd,ci_lo,ci_hi,median,min,max
llama,G0,L0,20,0.66875,0.22954116131282884,0.57125,0.76625,0.6375,0.15,1.0
llama,G0,L2,20,0.45000000000000007,0.26606291301910256,0.3375,0.56125,0.5125,0.15,0.8
llama,G0,L3,20,0.21875000000000006,0.17203790127086593,0.14999999999999997,0.30374999999999996,0.15,0.15,0.675
llama,G0,L4,20,0.14999999999999997,2.8476619731297836e-17,0.14999999999999997,0.14999999999999997,0.15,0.15,0.15
llama,G3,L0,20,0.6549999999999999,0.08013147091860322,0.6224999999999998,0.6912499999999999,0.6,0.6,0.8
llama,G3,L2,20,0.6549999999999999,0.08013147091860322,0.6212500000000001,0.6912499999999999,0.6,0.6,0.8
llama,G3,L3,20,0.6549999999999999,0.08013147091860322,0.6237499999999999,0.6912499999999999,0.6,0.6,0.8
llama,G3,L4,20,0.6549999999999999,0.08013147091860322,0.6224999999999998,0.6912499999999999,0.6,0.6,0.8
llama,G3_what_polluted,L0,20,0.6549999999999999,0.08013147091860322,0.6225,0.6912499999999999,0.6,0.6,0.8
llama,G3_what_polluted,L2,20,0.7975000000000001,0.1369066143494593,0.7400000000000002,0.85625,0.8,0.6,1.0
llama,G3_what_polluted,L3,20,0.515,0.3193743884534262,0.37750000000000006,0.6475,0.6,0.15,0.875
llama,G3_what_polluted,L4,20,0.65,0.2584111371235258,0.5325000000000002,0.7512500000000002,0.8,0.15,1.0
gemma,G0,L0,20,0.4875,0.199258493842599,0.40249999999999997,0.5712499999999999,0.475,0.15,0.8
gemma,G0,L2,20,0.20875000000000005,0.16187125325881355,0.14999999999999997,0.28750000000000003,0.15,0.15,0.675
gemma,G0,L3,20,0.14999999999999997,2.8476619731297836e-17,0.14999999999999997,0.14999999999999997,0.15,0.15,0.15
gemma,G0,L4,20,0.14999999999999997,2.8476619731297836e-17,0.14999999999999997,0.14999999999999997,0.15,0.15,0.15
gemma,G3,L0,20,0.6950000000000001,0.2341839133312916,0.5961875000000001,0.79,0.8,0.275,1.0
gemma,G3,L2,20,0.6950000000000001,0.2341839133312916,0.5900000000000001,0.7875000000000002,0.8,0.275,1.0
gemma,G3,L3,20,0.6950000000000001,0.2341839133312916,0.5900000000000001,0.7900000000000001,0.8,0.275,1.0
gemma,G3,L4,20,0.6950000000000001,0.2341839133312916,0.5900000000000001,0.7875000000000002,0.8,0.275,1.0
gemma,G3_what_polluted,L0,20,0.6950000000000001,0.2341839133312916,0.5900000000000001,0.7875000000000002,0.8,0.275,1.0
gemma,G3_what_polluted,L2,20,0.18249999999999997,0.10003288932830251,0.14999999999999997,0.23125000000000004,0.15,0.15,0.475
gemma,G3_what_polluted,L3,20,0.14999999999999997,2.8476619731297836e-17,0.14999999999999997,0.14999999999999997,0.15,0.15,0.15
gemma,G3_what_polluted,L4,20,0.14999999999999997,2.8476619731297836e-17,0.14999999999999997,0.14999999999999997,0.15,0.15,0.15
