base,arm,level,wp_mean,wp_min,wp_max,hp_mean,eff_chars,hist,bloat,lat_total,lat_what,lat_how,lat_sd
gemma,G0,L0,231.0,219,243,,118.5,0.0,0.0,11.219742837548257,11.219742837548257,0.0,2.5532164274439846
gemma,G0,L2,551.0,483,619,,118.5,9.0,0.0,9.257700733198726,9.257700733198726,0.0,2.465860421178097
gemma,G0,L3,1051.0,983,1119,,2120.5,9.0,0.0,9.639922066750296,9.639922066750296,0.0,1.4679194750533062
gemma,G0,L4,1251.0,1157,1345,,2120.5,9.0,706.0,9.921209997951518,9.921209997951518,0.0,1.3289724448014073
gemma,G3,L0,167.0,165,169,316.25,118.5,0.0,0.0,14.949804560250778,7.9974522478485595,6.952352312402217,4.890060553933243
gemma,G3,L2,167.0,165,169,636.25,118.5,9.0,0.0,14.47147761475062,7.832176189652818,6.639301425097801,1.8750418307416004
gemma,G3,L3,167.0,165,169,1136.25,2120.5,9.0,0.0,16.0683413831488,7.013944825000363,9.054396558148436,1.5626551085860727
gemma,G3,L4,167.0,165,169,1336.25,2120.5,9.0,706.0,16.291104941847152,6.949413698048739,9.341691243798413,1.0811302016950481
gemma,G3_what_polluted,L0,167.0,165,169,316.25,118.5,0.0,0.0,14.796396535351231,7.888628279100521,6.90776825625071,5.092504650694449
gemma,G3_what_polluted,L2,487.0,429,545,636.25,118.5,9.0,0.0,13.323190552197048,6.611029250048159,6.712161302148888,2.636462665633713
gemma,G3_what_polluted,L3,987.0,929,1045,1136.25,2120.5,9.0,0.0,17.55505948545324,8.49593544795207,9.059124037501169,1.6124089044354222
gemma,G3_what_polluted,L4,1187.0,1103,1271,1336.25,2120.5,9.0,706.0,19.985192435444333,10.371995606199198,9.613196829245135,7.499921172057469
llama,G0,L0,242.0,232,252,,118.5,0.0,0.0,18.174505343750933,18.174505343750933,0.0,4.432400522087899
llama,G0,L2,561.5,498,625,,118.5,9.0,0.0,14.571506273002887,14.571506273002887,0.0,4.102762017754068
llama,G0,L3,1013.5,950,1077,,2120.5,9.0,0.0,13.423509216601087,13.423509216601087,0.0,7.200172925906557
llama,G0,L4,1203.0,1115,1291,,2120.5,9.0,706.0,17.750664602103644,17.750664602103644,0.0,11.409780979472302
llama,G3,L0,180.0,179,181,312.25,118.5,0.0,0.0,28.210956716601505,11.811563697850215,16.39939301875129,10.334513556816887
llama,G3,L2,180.0,179,181,631.75,118.5,9.0,0.0,21.44295419379923,12.066756248049206,9.376197945750027,4.335057538735856
llama,G3,L3,180.0,179,181,1083.75,2120.5,9.0,0.0,26.244225726996955,12.776439331246365,13.46778639575059,5.173388496539649
llama,G3,L4,180.0,179,181,1273.25,2120.5,9.0,706.0,28.64633648554882,12.885850612548529,15.760485873000288,10.753167054240429
llama,G3_what_polluted,L0,180.0,179,181,312.25,118.5,0.0,0.0,28.66574820000242,11.998144466651137,16.667603733351278,10.283261993633847
llama,G3_what_polluted,L2,499.5,445,554,631.75,118.5,9.0,0.0,26.827521245807294,17.08833991660067,9.739181329206621,13.772714851353875
llama,G3_what_polluted,L3,951.5,897,1006,1083.75,2120.5,9.0,0.0,29.394113189350172,15.851525831049367,13.542587358300807,7.437713842610715
llama,G3_what_polluted,L4,1141.0,1062,1220,1273.25,2120.5,9.0,706.0,30.30380863975297,16.91916215210076,13.384646487652208,5.958095788703679
