n,n_nonzero,mean_a,mean_b,diff,ci_lo,ci_hi,cliffs,W,p,metric,comparison,base,level,p_holm
20,16,0.6549999999999999,0.66875,-0.013750000000000002,-0.11378125000000001,0.08125000000000002,0.01,65.0,0.8762076302797042,comp,G3P_vs_G0,llama,L0,1.0
20,19,0.7975000000000001,0.45000000000000007,0.34750000000000003,0.2225,0.46499999999999997,0.72,7.0,0.00037640108027500046,comp,G3P_vs_G0,llama,L2,0.0026348075619250034
20,13,0.515,0.21875000000000006,0.29625,0.14250000000000002,0.4462499999999999,0.5,6.0,0.005506995637347708,comp,G3P_vs_G0,llama,L3,0.027534978186738543
20,17,0.65,0.14999999999999997,0.5,0.38625000000000004,0.6012500000000001,0.85,0.0,0.00018356770351192,comp,G3P_vs_G0,llama,L4,0.00146854162809536
20,17,0.6950000000000001,0.4875,0.20750000000000002,0.10250000000000004,0.31750000000000006,0.545,12.0,0.002228026494707558,comp,G3P_vs_G0,gemma,L0,0.013368158968245348
20,4,0.18249999999999997,0.20875000000000005,-0.026250000000000006,-0.09256249999999996,0.032499999999999994,-0.055,3.0,0.4652088184521418,comp,G3P_vs_G0,gemma,L2,1.0
20,0,0.14999999999999997,0.14999999999999997,0.0,0.0,0.0,0.0,,1.0,comp,G3P_vs_G0,gemma,L3,1.0
20,0,0.14999999999999997,0.14999999999999997,0.0,0.0,0.0,0.0,,1.0,comp,G3P_vs_G0,gemma,L4,1.0
20,16,0.6549999999999999,0.66875,-0.013750000000000002,-0.10875000000000001,0.08249999999999999,0.01,65.0,0.8762076302797042,comp,G3_vs_G0,llama,L0,0.8762076302797042
20,20,0.6549999999999999,0.45000000000000007,0.205,0.08374999999999995,0.3275,0.35,39.0,0.013511761396588428,comp,G3_vs_G0,llama,L2,0.027023522793176855
20,20,0.6549999999999999,0.21875000000000006,0.43624999999999997,0.35750000000000004,0.5037499999999999,0.86,1.0,7.429824848353117e-05,comp,G3_vs_G0,llama,L3,0.00044852010890283396
20,20,0.6549999999999999,0.14999999999999997,0.5049999999999999,0.4737499999999999,0.54125,1.0,0.0,5.6065013612854245e-05,comp,G3_vs_G0,llama,L4,0.00044852010890283396
20,17,0.6950000000000001,0.4875,0.20750000000000002,0.10000000000000005,0.3137500000000001,0.545,12.0,0.002228026494707558,comp,G3_vs_G0,gemma,L0,0.006684079484122674
20,20,0.6950000000000001,0.20875000000000005,0.48624999999999996,0.3737500000000001,0.59125,0.93,0.0,6.839447663827e-05,comp,G3_vs_G0,gemma,L2,0.00044852010890283396
20,20,0.6950000000000001,0.14999999999999997,0.5449999999999999,0.44000000000000006,0.6375,1.0,0.0,5.677560923549763e-05,comp,G3_vs_G0,gemma,L3,0.00044852010890283396
20,20,0.6950000000000001,0.14999999999999997,0.5449999999999999,0.44000000000000006,0.6375,1.0,0.0,5.677560923549763e-05,comp,G3_vs_G0,gemma,L4,0.00044852010890283396
20,0,0.6549999999999999,0.6549999999999999,0.0,0.0,0.0,0.0,,1.0,comp,G3_vs_G3P,llama,L0,1.0
20,16,0.6549999999999999,0.7975000000000001,-0.14250000000000002,-0.215,-0.07250000000000001,-0.64,11.0,0.003083462273695853,comp,G3_vs_G3P,llama,L2,0.015417311368479264
20,20,0.6549999999999999,0.515,0.13999999999999999,-0.0037500000000000033,0.28625,0.12,60.0,0.09085493791359793,comp,G3_vs_G3P,llama,L3,0.3634197516543917
20,15,0.6549999999999999,0.65,0.004999999999999977,-0.10250000000000004,0.12374999999999999,-0.25,56.5,0.8405791384209839,comp,G3_vs_G3P,llama,L4,1.0
20,0,0.6950000000000001,0.6950000000000001,0.0,0.0,0.0,0.0,,1.0,comp,G3_vs_G3P,gemma,L0,1.0
20,20,0.6950000000000001,0.18249999999999997,0.5125,0.40750000000000003,0.61125,0.96,0.0,6.829152964949061e-05,comp,G3_vs_G3P,gemma,L2,0.00045420487388398106
20,20,0.6950000000000001,0.14999999999999997,0.5449999999999999,0.44000000000000006,0.6375000000000001,1.0,0.0,5.677560923549763e-05,comp,G3_vs_G3P,gemma,L3,0.00045420487388398106
20,20,0.6950000000000001,0.14999999999999997,0.5449999999999999,0.4362500000000001,0.6375,1.0,0.0,5.677560923549763e-05,comp,G3_vs_G3P,gemma,L4,0.00045420487388398106
20,15,0.6549999999999999,0.77875,-0.12375,-0.19624999999999998,-0.05125000000000002,-0.46,12.0,0.006132323258706525,raw,G3P_vs_G0,llama,L0,0.04292626281094568
20,16,0.8175000000000001,0.7125000000000001,0.10500000000000001,0.0125,0.20124999999999998,0.33,29.5,0.04406636540076883,raw,G3P_vs_G0,llama,L2,0.22033182700384416
20,17,0.6775000000000001,0.32750000000000007,0.35,0.21246874999999993,0.47874999999999995,0.65,7.0,0.000931420040611536,raw,G3P_vs_G0,llama,L3,0.007451360324892288
20,17,0.6625,0.3800000000000001,0.2825000000000001,0.08374999999999999,0.46499999999999997,0.525,28.0,0.021041666121290017,raw,G3P_vs_G0,llama,L4,0.1262499967277401
20,10,0.8000000000000002,0.73125,0.06875000000000002,0.0062500000000000056,0.135,0.275,10.0,0.07220407228604439,raw,G3P_vs_G0,gemma,L0,0.28881628914417756
20,19,0.5625000000000001,0.69125,-0.12874999999999998,-0.2725,0.022499999999999975,-0.35,52.0,0.08318113087743724,raw,G3P_vs_G0,gemma,L2,0.28881628914417756
20,14,0.5875,0.5075,0.08000000000000003,-0.01499999999999999,0.1825,0.21,31.5,0.18587673236587587,raw,G3P_vs_G0,gemma,L3,0.37175346473175175
20,16,0.5512500000000001,0.4687499999999999,0.08250000000000002,-0.05874999999999997,0.2187812499999996,0.145,43.5,0.20322911542971556,raw,G3P_vs_G0,gemma,L4,0.37175346473175175
20,15,0.6549999999999999,0.77875,-0.12375,-0.195,-0.05375,-0.46,12.0,0.006132323258706525,raw,G3_vs_G0,llama,L0,0.0245292930348261
20,19,0.6549999999999999,0.7125000000000001,-0.05750000000000003,-0.13753125000000008,0.03499999999999998,-0.3,53.0,0.08896573517643726,raw,G3_vs_G0,llama,L2,0.16407435682060495
20,19,0.6549999999999999,0.32750000000000007,0.3275,0.23000000000000004,0.41,0.63,5.0,0.00022766583289113805,raw,G3_vs_G0,llama,L3,0.0018213266631291044
20,20,0.6549999999999999,0.3800000000000001,0.275,0.14749999999999996,0.385,0.62,16.0,0.0008215938291754176,raw,G3_vs_G0,llama,L4,0.004107969145877088
20,10,0.8000000000000002,0.73125,0.06875000000000002,0.0025000000000000135,0.13374999999999998,0.275,10.0,0.07220407228604439,raw,G3_vs_G0,gemma,L0,0.16407435682060495
20,14,0.8000000000000002,0.69125,0.10875000000000001,0.011249999999999993,0.20375000000000001,0.365,22.0,0.05469145227353499,raw,G3_vs_G0,gemma,L2,0.16407435682060495
20,15,0.8000000000000002,0.5075,0.29250000000000004,0.19250000000000003,0.39500000000000013,0.765,0.0,0.0006146224121124647,raw,G3_vs_G0,gemma,L3,0.003687734472674788
20,18,0.8000000000000002,0.4687499999999999,0.33125000000000004,0.23621875,0.42125,0.87,2.5,0.0002775239087732874,raw,G3_vs_G0,gemma,L4,0.0019426673614130118
20,0,0.6549999999999999,0.6549999999999999,0.0,0.0,0.0,0.0,,1.0,raw,G3_vs_G3P,llama,L0,1.0
20,18,0.6549999999999999,0.8175000000000001,-0.16250000000000003,-0.23125,-0.09375000000000001,-0.76,11.0,0.0011004021843300054,raw,G3_vs_G3P,llama,L2,0.007702815290310037
20,18,0.6549999999999999,0.6775000000000001,-0.02250000000000001,-0.11624999999999999,0.08249999999999999,-0.24,66.0,0.3907071357067189,raw,G3_vs_G3P,llama,L3,1.0
20,15,0.6549999999999999,0.6625,-0.007500000000000023,-0.10625000000000004,0.09624999999999999,-0.25,55.5,0.7958009143163877,raw,G3_vs_G3P,llama,L4,1.0
20,0,0.8000000000000002,0.8000000000000002,0.0,0.0,0.0,0.0,,1.0,raw,G3_vs_G3P,gemma,L0,1.0
20,20,0.8000000000000002,0.5625000000000001,0.23750000000000004,0.12500000000000003,0.35000000000000003,0.59,22.0,0.0018570110631405295,raw,G3_vs_G3P,gemma,L2,0.011142066378843176
20,16,0.8000000000000002,0.5875,0.2125,0.12250000000000001,0.30875,0.65,3.0,0.0007638501149640318,raw,G3_vs_G3P,gemma,L3,0.006110800919712255
20,18,0.8000000000000002,0.5512500000000001,0.24875000000000003,0.10500000000000001,0.39000000000000007,0.45,23.5,0.006719745276786238,raw,G3_vs_G3P,gemma,L4,0.03359872638393119
20,15,0.68,0.6125,0.06749999999999998,-0.06875000000000002,0.20999999999999996,0.22,49.0,0.5313008835670525,speech,G3P_vs_G0,llama,L0,1.0
20,17,0.7825,0.52375,0.25875000000000004,0.10499999999999998,0.4062499999999999,0.61,23.0,0.010578308551435357,speech,G3P_vs_G0,llama,L2,0.06508756245808676
20,10,0.4487500000000001,0.2687500000000001,0.18,0.07125000000000001,0.29125,0.2675,2.0,0.00929822320829811,speech,G3P_vs_G0,llama,L3,0.06508756245808676
20,17,0.635,0.3375000000000001,0.2975,0.12875000000000003,0.4525,0.545,20.0,0.007390126970420261,speech,G3P_vs_G0,llama,L4,0.05912101576336209
20,16,0.50875,0.595,-0.08625,-0.22128125,0.04375,-0.1675,40.0,0.1463045715794301,speech,G3P_vs_G0,gemma,L0,0.5852182863177204
20,17,0.6575000000000002,0.5825,0.07500000000000001,-0.07874999999999997,0.22500000000000003,0.1625,58.5,0.3937686346429927,speech,G3P_vs_G0,gemma,L2,1.0
20,14,0.45375,0.5075,-0.053749999999999985,-0.17250000000000001,0.05500000000000001,-0.085,43.5,0.5708458917635058,speech,G3P_vs_G0,gemma,L3,1.0
20,17,0.55,0.4687499999999999,0.08125000000000002,-0.028749999999999987,0.18124999999999997,0.165,43.0,0.11207276115536845,speech,G3P_vs_G0,gemma,L4,0.5603638057768422
20,15,0.68,0.6125,0.06749999999999998,-0.06625,0.20249999999999999,0.22,49.0,0.5313008835670525,speech,G3_vs_G0,llama,L0,1.0
20,17,0.7825,0.52375,0.25875000000000004,0.10124999999999999,0.40375000000000005,0.61,23.0,0.010578308551435357,speech,G3_vs_G0,llama,L2,0.06508756245808676
20,10,0.4487500000000001,0.2687500000000001,0.18,0.0725,0.29375,0.2675,2.0,0.00929822320829811,speech,G3_vs_G0,llama,L3,0.06508756245808676
20,17,0.635,0.3375000000000001,0.2975,0.1275,0.45375,0.545,20.0,0.007390126970420261,speech,G3_vs_G0,llama,L4,0.05912101576336209
20,16,0.50875,0.595,-0.08625,-0.2225,0.04375,-0.1675,40.0,0.1463045715794301,speech,G3_vs_G0,gemma,L0,0.5852182863177204
20,17,0.6575000000000002,0.5825,0.07500000000000001,-0.08124999999999998,0.2225,0.1625,58.5,0.3937686346429927,speech,G3_vs_G0,gemma,L2,1.0
20,14,0.45375,0.5075,-0.053749999999999985,-0.1725,0.053750000000000006,-0.085,43.5,0.5708458917635058,speech,G3_vs_G0,gemma,L3,1.0
20,17,0.55,0.4687499999999999,0.08125000000000002,-0.02999999999999998,0.18375,0.165,43.0,0.11207276115536845,speech,G3_vs_G0,gemma,L4,0.5603638057768422
20,0,0.68,0.68,0.0,0.0,0.0,0.0,,1.0,speech,G3_vs_G3P,llama,L0,1.0
20,0,0.7825,0.7825,0.0,0.0,0.0,0.0,,1.0,speech,G3_vs_G3P,llama,L2,1.0
20,0,0.4487500000000001,0.4487500000000001,0.0,0.0,0.0,0.0,,1.0,speech,G3_vs_G3P,llama,L3,1.0
20,0,0.635,0.635,0.0,0.0,0.0,0.0,,1.0,speech,G3_vs_G3P,llama,L4,1.0
20,0,0.50875,0.50875,0.0,0.0,0.0,0.0,,1.0,speech,G3_vs_G3P,gemma,L0,1.0
20,0,0.6575000000000002,0.6575000000000002,0.0,0.0,0.0,0.0,,1.0,speech,G3_vs_G3P,gemma,L2,1.0
20,0,0.45375,0.45375,0.0,0.0,0.0,0.0,,1.0,speech,G3_vs_G3P,gemma,L3,1.0
20,0,0.55,0.55,0.0,0.0,0.0,0.0,,1.0,speech,G3_vs_G3P,gemma,L4,1.0
20,14,0.6333333333333333,0.4999999999999999,0.13333333333333333,-0.03333333333333331,0.30000000000000004,0.23,15.0,0.01639163220124605,how_cov,G3P_vs_G0,llama,L0,0.08195816100623025
20,17,0.7833333333333333,0.4666666666666666,0.3166666666666667,0.10000000000000005,0.5166666666666666,0.5725,20.5,0.007660761135179473,how_cov,G3P_vs_G0,llama,L2,0.050488048421700536
20,9,0.3833333333333333,0.08333333333333333,0.3,0.14999999999999997,0.4666666666666668,0.425,0.0,0.007212578345957219,how_cov,G3P_vs_G0,llama,L3,0.050488048421700536
20,17,0.6,0.16666666666666666,0.4333333333333333,0.2166666666666667,0.6166666666666667,0.62,15.5,0.003508425740982619,how_cov,G3P_vs_G0,llama,L4,0.02806740592786095
20,16,0.4,0.45,-0.04999999999999999,-0.21666666666666665,0.11666666666666667,-0.1075,64.0,0.8324835726458317,how_cov,G3P_vs_G0,gemma,L0,1.0
20,15,0.5999999999999999,0.45,0.15,-0.016666666666666656,0.3,0.2775,30.0,0.0840354135184434,how_cov,G3P_vs_G0,gemma,L2,0.2521062405553302
20,11,0.35,0.3666666666666666,-0.01666666666666666,-0.16666666666666669,0.13333333333333336,-0.07,33.0,1.0,how_cov,G3P_vs_G0,gemma,L3,1.0
20,15,0.49999999999999983,0.33333333333333326,0.16666666666666669,0.01666666666666667,0.3,0.32,25.0,0.03726624184981158,how_cov,G3P_vs_G0,gemma,L4,0.14906496739924632
20,14,0.6333333333333333,0.4999999999999999,0.13333333333333333,-0.03333333333333331,0.31666666666666665,0.23,15.0,0.01639163220124605,how_cov,G3_vs_G0,llama,L0,0.08195816100623025
20,17,0.7833333333333333,0.4666666666666666,0.3166666666666667,0.10000000000000005,0.5166666666666667,0.5725,20.5,0.007660761135179473,how_cov,G3_vs_G0,llama,L2,0.050488048421700536
20,9,0.3833333333333333,0.08333333333333333,0.3,0.14999999999999997,0.4666666666666667,0.425,0.0,0.007212578345957219,how_cov,G3_vs_G0,llama,L3,0.050488048421700536
20,17,0.6,0.16666666666666666,0.4333333333333333,0.2333333333333333,0.6333333333333332,0.62,15.5,0.003508425740982619,how_cov,G3_vs_G0,llama,L4,0.02806740592786095
20,16,0.4,0.45,-0.04999999999999999,-0.21666666666666665,0.11666666666666667,-0.1075,64.0,0.8324835726458317,how_cov,G3_vs_G0,gemma,L0,1.0
20,15,0.5999999999999999,0.45,0.15,-8.396061623727683e-18,0.3,0.2775,30.0,0.0840354135184434,how_cov,G3_vs_G0,gemma,L2,0.2521062405553302
20,11,0.35,0.3666666666666666,-0.01666666666666666,-0.16666666666666669,0.15,-0.07,33.0,1.0,how_cov,G3_vs_G0,gemma,L3,1.0
20,15,0.49999999999999983,0.33333333333333326,0.16666666666666669,0.01666666666666667,0.29999999999999993,0.32,25.0,0.03726624184981158,how_cov,G3_vs_G0,gemma,L4,0.14906496739924632
20,0,0.6333333333333333,0.6333333333333333,0.0,0.0,0.0,0.0,,1.0,how_cov,G3_vs_G3P,llama,L0,1.0
20,0,0.7833333333333333,0.7833333333333333,0.0,0.0,0.0,0.0,,1.0,how_cov,G3_vs_G3P,llama,L2,1.0
20,0,0.3833333333333333,0.3833333333333333,0.0,0.0,0.0,0.0,,1.0,how_cov,G3_vs_G3P,llama,L3,1.0
20,0,0.6,0.6,0.0,0.0,0.0,0.0,,1.0,how_cov,G3_vs_G3P,llama,L4,1.0
20,0,0.4,0.4,0.0,0.0,0.0,0.0,,1.0,how_cov,G3_vs_G3P,gemma,L0,1.0
20,0,0.5999999999999999,0.5999999999999999,0.0,0.0,0.0,0.0,,1.0,how_cov,G3_vs_G3P,gemma,L2,1.0
20,0,0.35,0.35,0.0,0.0,0.0,0.0,,1.0,how_cov,G3_vs_G3P,gemma,L3,1.0
20,0,0.49999999999999983,0.49999999999999983,0.0,0.0,0.0,0.0,,1.0,how_cov,G3_vs_G3P,gemma,L4,1.0
20,14,0.5225,0.57375,-0.05125000000000002,-0.13625000000000004,0.03249999999999996,-0.125,32.0,0.1971269925195397,strict,G3P_vs_G0,llama,L0,0.7885079700781588
20,19,0.7375000000000002,0.40125,0.33625000000000005,0.22625,0.4425,0.72,4.5,0.0002587920266109519,strict,G3P_vs_G0,llama,L2,0.0019685717765043917
20,11,0.43000000000000005,0.20875,0.22125,0.0775,0.3625,0.4,6.5,0.018062783131394006,strict,G3P_vs_G0,llama,L3,0.09031391565697003
20,17,0.5875000000000001,0.14999999999999997,0.4375,0.32125000000000004,0.5462499999999999,0.85,0.0,0.00024607147206304897,strict,G3P_vs_G0,llama,L4,0.0019685717765043917
20,17,0.55,0.375,0.175,0.08875,0.26125000000000004,0.54,12.0,0.00216157473485326,strict,G3P_vs_G0,gemma,L0,0.012969448409119561
20,4,0.1625,0.18874999999999997,-0.026249999999999996,-0.06874999999999999,0.006250000000000001,-0.06,1.5,0.1974660733580187,strict,G3P_vs_G0,gemma,L2,0.7885079700781588
20,0,0.14999999999999997,0.14999999999999997,0.0,0.0,0.0,0.0,,1.0,strict,G3P_vs_G0,gemma,L3,1.0
20,0,0.14999999999999997,0.14999999999999997,0.0,0.0,0.0,0.0,,1.0,strict,G3P_vs_G0,gemma,L4,1.0
20,14,0.5225,0.57375,-0.05125000000000002,-0.13625,0.03499999999999999,-0.125,32.0,0.1971269925195397,strict,G3_vs_G0,llama,L0,0.1971269925195397
20,19,0.5225,0.40125,0.12124999999999994,0.031249999999999955,0.2125,0.3,41.0,0.02934510817484185,strict,G3_vs_G0,llama,L2,0.0586902163496837
20,20,0.5225,0.20875,0.31375000000000003,0.21121874999999996,0.40124999999999994,0.84,8.0,0.00020210876288215154,strict,G3_vs_G0,llama,L3,0.0008084350515286062
20,20,0.5225,0.14999999999999997,0.3725,0.32375,0.4175,1.0,0.0,5.677560923549763e-05,strict,G3_vs_G0,llama,L4,0.00045420487388398106
20,17,0.55,0.375,0.175,0.08750000000000002,0.2575,0.54,12.0,0.00216157473485326,strict,G3_vs_G0,gemma,L0,0.0064847242045597804
20,20,0.55,0.18874999999999997,0.36124999999999996,0.28625,0.43249999999999994,0.94,0.0,7.66856409696285e-05,strict,G3_vs_G0,gemma,L2,0.00047804070754643425
20,20,0.55,0.14999999999999997,0.4,0.3275,0.46499999999999997,1.0,0.0,6.829152964949061e-05,strict,G3_vs_G0,gemma,L3,0.00047804070754643425
20,20,0.55,0.14999999999999997,0.4,0.3275,0.4687499999999999,1.0,0.0,6.829152964949061e-05,strict,G3_vs_G0,gemma,L4,0.00047804070754643425
20,0,0.5225,0.5225,0.0,0.0,0.0,0.0,,1.0,strict,G3_vs_G3P,llama,L0,1.0
20,16,0.5225,0.7375000000000002,-0.21500000000000002,-0.2925,-0.14125000000000004,-0.8,0.0,0.0003582446987997502,strict,G3_vs_G3P,llama,L2,0.001791223493998751
20,18,0.5225,0.43000000000000005,0.09249999999999997,-0.06500000000000003,0.24375,0.12,42.0,0.05528794919218482,strict,G3_vs_G3P,llama,L3,0.22115179676873928
20,19,0.5225,0.5875000000000001,-0.06500000000000003,-0.16000000000000006,0.03249999999999997,-0.235,59.0,0.14573346744322344,strict,G3_vs_G3P,llama,L4,0.4372004023296703
20,0,0.55,0.55,0.0,0.0,0.0,0.0,,1.0,strict,G3_vs_G3P,gemma,L0,1.0
20,20,0.55,0.1625,0.3875,0.31875,0.45625,0.98,0.0,7.601327828102807e-05,strict,G3_vs_G3P,gemma,L2,0.0005463322371959249
20,20,0.55,0.14999999999999997,0.4,0.3275,0.46624999999999994,1.0,0.0,6.829152964949061e-05,strict,G3_vs_G3P,gemma,L3,0.0005463322371959249
20,20,0.55,0.14999999999999997,0.4,0.32996875,0.46624999999999994,1.0,0.0,6.829152964949061e-05,strict,G3_vs_G3P,gemma,L4,0.0005463322371959249
20,16,0.5225,0.6975000000000001,-0.17500000000000004,-0.2575,-0.09875000000000003,-0.66,5.0,0.0009969819455567304,strict_raw,G3P_vs_G0,llama,L0,0.007975855564453843
20,13,0.7575000000000002,0.6137500000000002,0.14375,0.04874999999999999,0.24625,0.38,13.5,0.024618053537905443,strict_raw,G3P_vs_G0,llama,L2,0.14770832122743266
20,18,0.5475000000000001,0.3212500000000001,0.22624999999999998,0.04625,0.39,0.46,36.0,0.030526436722634318,strict_raw,G3P_vs_G0,llama,L3,0.14770832122743266
20,18,0.60375,0.3075000000000001,0.29625,0.10996874999999999,0.45875000000000005,0.6125,27.0,0.010416046829500302,strict_raw,G3P_vs_G0,llama,L4,0.07291232780650211
20,11,0.655,0.61625,0.03875,-0.018750000000000017,0.09625000000000003,0.145,19.0,0.2042795613828482,strict_raw,G3P_vs_G0,gemma,L0,0.4085591227656964
20,19,0.3975,0.6125,-0.215,-0.3625,-0.06999999999999998,-0.495,39.5,0.025267130846652365,strict_raw,G3P_vs_G0,gemma,L2,0.14770832122743266
20,16,0.49750000000000005,0.42499999999999993,0.07250000000000004,-0.002499999999999987,0.14750000000000002,0.15,32.0,0.06087494857236064,strict_raw,G3P_vs_G0,gemma,L3,0.18262484571708193
20,13,0.41875,0.41875,0.0,-0.11749999999999998,0.11875,0.0075,45.0,0.9720570372630839,strict_raw,G3P_vs_G0,gemma,L4,0.9720570372630839
20,16,0.5225,0.6975000000000001,-0.17500000000000004,-0.25750000000000006,-0.09875000000000003,-0.66,5.0,0.0009969819455567304,strict_raw,G3_vs_G0,llama,L0,0.006978873618897113
20,20,0.5225,0.6137500000000002,-0.09125000000000005,-0.17000000000000004,-0.0025000000000000413,-0.405,59.0,0.08248123320593752,strict_raw,G3_vs_G0,llama,L2,0.24744369961781254
20,18,0.5225,0.3212500000000001,0.20125,0.05999999999999996,0.3275,0.535,34.5,0.023273880272668055,strict_raw,G3_vs_G0,llama,L3,0.09309552109067222
20,18,0.5225,0.3075000000000001,0.215,0.10374999999999997,0.31625000000000003,0.67,20.0,0.003985656591201306,strict_raw,G3_vs_G0,llama,L4,0.019928282956006533
20,11,0.655,0.61625,0.03875,-0.01750000000000001,0.09875000000000003,0.145,19.0,0.2042795613828482,strict_raw,G3_vs_G0,gemma,L0,0.4085591227656964
20,14,0.655,0.6125,0.042499999999999996,-0.05375000000000002,0.13625,0.17,38.0,0.3605478531823506,strict_raw,G3_vs_G0,gemma,L2,0.4085591227656964
20,18,0.655,0.42499999999999993,0.23000000000000004,0.15125000000000002,0.3012500000000001,0.61,6.5,0.0005447347674674643,strict_raw,G3_vs_G0,gemma,L3,0.0043578781397397145
20,16,0.655,0.41875,0.23625,0.13374999999999995,0.33375000000000005,0.54,6.0,0.0012966835396550705,strict_raw,G3_vs_G0,gemma,L4,0.007780101237930423
20,0,0.5225,0.5225,0.0,0.0,0.0,0.0,,1.0,strict_raw,G3_vs_G3P,llama,L0,1.0
20,18,0.5225,0.7575000000000002,-0.23500000000000004,-0.30750000000000005,-0.17125000000000004,-0.86,0.0,0.00014442235572332635,strict_raw,G3_vs_G3P,llama,L2,0.0011553788457866108
20,18,0.5225,0.5475000000000001,-0.025000000000000022,-0.15250000000000002,0.10874999999999999,-0.16,76.0,0.6778810464506524,strict_raw,G3_vs_G3P,llama,L3,1.0
20,18,0.5225,0.60375,-0.08125000000000004,-0.16625000000000006,0.011249999999999965,-0.295,43.0,0.06292385124528854,strict_raw,G3_vs_G3P,llama,L4,0.25169540498115417
20,0,0.655,0.655,0.0,0.0,0.0,0.0,,1.0,strict_raw,G3_vs_G3P,gemma,L0,1.0
20,20,0.655,0.3975,0.2575,0.15499999999999997,0.35625,0.81,18.0,0.0011055835458918552,strict_raw,G3_vs_G3P,gemma,L2,0.007477925155879304
20,14,0.655,0.49750000000000005,0.15749999999999997,0.07999999999999999,0.23874999999999996,0.42,3.0,0.0017395260554521283,strict_raw,G3_vs_G3P,gemma,L3,0.008697630277260641
20,16,0.655,0.41875,0.23625000000000002,0.14125000000000001,0.32625000000000004,0.615,5.0,0.001068275022268472,strict_raw,G3_vs_G3P,gemma,L4,0.007477925155879304
