base,arm,level,persona,comp,how_cov,speech,n
gemma,G0,L0,goku,0.44749999999999995,0.6,0.7350000000000001,10
gemma,G0,L0,makima,0.5275000000000001,0.3,0.45499999999999996,10
gemma,G0,L2,goku,0.2675,0.5333333333333333,0.6575,10
gemma,G0,L2,makima,0.15,0.36666666666666664,0.5075000000000001,10
gemma,G0,L3,goku,0.15,0.5,0.6,10
gemma,G0,L3,makima,0.15,0.2333333333333333,0.41500000000000004,10
gemma,G0,L4,goku,0.15,0.3333333333333333,0.4625,10
gemma,G0,L4,makima,0.15,0.3333333333333333,0.475,10
gemma,G3,L0,goku,0.6950000000000001,0.7333333333333333,0.8025,10
gemma,G3,L0,makima,0.6950000000000001,0.06666666666666667,0.215,10
gemma,G3,L2,goku,0.6950000000000001,0.5333333333333333,0.6075,10
gemma,G3,L2,makima,0.6950000000000001,0.6666666666666666,0.7075,10
gemma,G3,L3,goku,0.6950000000000001,0.36666666666666664,0.4325,10
gemma,G3,L3,makima,0.6950000000000001,0.3333333333333333,0.475,10
gemma,G3,L4,goku,0.6950000000000001,0.4666666666666666,0.505,10
gemma,G3,L4,makima,0.6950000000000001,0.5333333333333333,0.595,10
gemma,G3_what_polluted,L0,goku,0.6950000000000001,0.7333333333333333,0.8025,10
gemma,G3_what_polluted,L0,makima,0.6950000000000001,0.06666666666666667,0.215,10
gemma,G3_what_polluted,L2,goku,0.1825,0.5333333333333333,0.6075,10
gemma,G3_what_polluted,L2,makima,0.1825,0.6666666666666666,0.7075,10
gemma,G3_what_polluted,L3,goku,0.15,0.36666666666666664,0.4325,10
gemma,G3_what_polluted,L3,makima,0.15,0.3333333333333333,0.475,10
gemma,G3_what_polluted,L4,goku,0.15,0.4666666666666666,0.505,10
gemma,G3_what_polluted,L4,makima,0.15,0.5333333333333333,0.595,10
llama,G0,L0,goku,0.72,0.5666666666666667,0.6775,10
llama,G0,L0,makima,0.6174999999999999,0.4333333333333333,0.5475000000000001,10
llama,G0,L2,goku,0.34,0.36666666666666664,0.445,10
llama,G0,L2,makima,0.56,0.5666666666666667,0.6025,10
llama,G0,L3,goku,0.15,0.06666666666666667,0.265,10
llama,G0,L3,makima,0.2875,0.09999999999999999,0.2725,10
llama,G0,L4,goku,0.15,0.16666666666666666,0.3375,10
llama,G0,L4,makima,0.15,0.16666666666666666,0.3375,10
llama,G3,L0,goku,0.655,0.7666666666666667,0.8225,10
llama,G3,L0,makima,0.655,0.5,0.5375,10
llama,G3,L2,goku,0.655,0.9,0.8525,10
llama,G3,L2,makima,0.655,0.6666666666666666,0.7125,10
llama,G3,L3,goku,0.655,0.4333333333333333,0.51,10
llama,G3,L3,makima,0.655,0.3333333333333333,0.3875,10
llama,G3,L4,goku,0.655,0.7,0.7075,10
llama,G3,L4,makima,0.655,0.5,0.5625,10
llama,G3_what_polluted,L0,goku,0.655,0.7666666666666667,0.8225,10
llama,G3_what_polluted,L0,makima,0.655,0.5,0.5375,10
llama,G3_what_polluted,L2,goku,0.7975000000000001,0.9,0.8525,10
llama,G3_what_polluted,L2,makima,0.7975000000000001,0.6666666666666666,0.7125,10
llama,G3_what_polluted,L3,goku,0.515,0.4333333333333333,0.51,10
llama,G3_what_polluted,L3,makima,0.515,0.3333333333333333,0.3875,10
llama,G3_what_polluted,L4,goku,0.5925,0.7,0.7075,10
llama,G3_what_polluted,L4,makima,0.7075,0.5,0.5625,10
