base,arm,metric,rho,p,n
llama,G0,comp,-0.7368048659486847,6.66522921975306e-15,80
llama,G0,raw,-0.5548023010525452,9.285170364468976e-08,80
llama,G0,parse_empty,0.7602631123499286,2.8631443601880425e-16,80
llama,G3_what_polluted,comp,0.018857689971557748,0.8681345594077103,80
llama,G3_what_polluted,raw,0.0756007105260116,0.5050878428506239,80
llama,G3_what_polluted,parse_empty,0.2571863411809025,0.021277331896162148,80
gemma,G0,comp,-0.6861334165335535,2.157887754316203e-12,80
gemma,G0,raw,-0.5249257872746915,5.774577429843261e-07,80
gemma,G0,parse_empty,0.7511746287542016,1.010188396552386e-15,80
gemma,G3_what_polluted,comp,-0.7726628773267042,4.6717801203504877e-17,80
gemma,G3_what_polluted,raw,-0.3192052493035692,0.0039013107081057466,80
gemma,G3_what_polluted,parse_empty,0.7762137830460083,2.7215813591523668e-17,80
